candidate_id,stage,candidate_family,candidate_rows,raw_generated_rows,success_regression_count_vs_g554_c00051,success_gain_count_vs_g554_c00051,success_rate_delta_vs_g554_c00051,both_success_quality_pairs_vs_g554_c00051,quality_delta_mean_vs_g554_c00051,bootstrap_ci_upper,better_count_vs_g554_c00051,worse_count_vs_g554_c00051,support_strata,support_seed_blocks,fingerprint_match_rate,candidate_recognized_all,cost_finite_all,theta_in_bounds_all,materialization_gate_passed,support_gate_passed,quality_gate_passed,ci_gate_passed,better_worse_gate_passed,success_rate_gate_passed,shortlist_ready,not_ready_reason,distance_from_g554_c00051,goal_projection_mode,active_field_deltas,theta_alpha_cong_commit_progress,theta_alpha_cong_commit_nonprogress,theta_alpha_cong_block,theta_alpha_cong_wait_progress,theta_alpha_cong_wait_nonprogress,theta_alpha_flow_commit_progress,theta_alpha_flow_wait_progress,theta_rho_cong_decay,theta_rho_flow_decay,theta_lambda_cong,theta_lambda_flow,theta_flow_shield_beta,theta_max_flow_shield,theta_min_edge_cost,theta_max_edge_cost,theta_goal_projection_mode_flow_shield,theta_goal_projection_mode_agent_progress,theta_goal_projection_mode_none,phase5p5_allowed,phase6_allowed,runtime_claim_allowed,learned_runtime_policy_validated,aaai_ready
g556_c063174,stage2,,10000,10000,0,0,0,10000,-0.00286316484348,-0.0023446271386,4691,3567,216,500,1,True,True,True,True,True,True,True,True,True,True,,0.155407233764,flow_shield,theta_alpha_cong_commit_nonprogress;theta_alpha_flow_commit_progress;theta_alpha_flow_wait_progress;theta_rho_cong_decay;theta_lambda_cong;theta_flow_shield_beta;theta_max_flow_shield;theta_max_edge_cost,1.25,1.15800417416,1.25,0.75,0.75,1.04033966143,0.693265827075,0.979935812493,1,0.684155364534,0.65,0.335511281608,0.859006022148,1,10.7932631603,1,0,0,False,False,False,False,False
g556_c044742,stage2,,10000,10000,0,0,0,10000,-0.00269204609278,-0.0021783771968,4655,3508,216,500,1,True,True,True,True,True,True,True,True,True,True,,0.143305546087,flow_shield,theta_alpha_cong_commit_nonprogress;theta_alpha_flow_commit_progress;theta_alpha_flow_wait_progress;theta_rho_cong_decay;theta_lambda_cong;theta_flow_shield_beta;theta_max_flow_shield;theta_max_edge_cost,1.25,1.14357384245,1.25,0.75,0.75,1.06680989002,0.699624577999,0.983260218519,1,0.637850903447,0.65,0.327355866074,0.834877769533,1,10.853724547,1,0,0,False,False,False,False,False
g556_c071992,stage2,,10000,10000,0,0,0,10000,-0.00244061203945,-0.00191866163339,4618,3569,216,500,1,True,True,True,True,True,True,True,True,True,True,,0.12248701054,flow_shield,theta_alpha_cong_commit_nonprogress;theta_alpha_flow_commit_progress;theta_alpha_flow_wait_progress;theta_rho_cong_decay;theta_lambda_cong;theta_flow_shield_beta;theta_max_flow_shield;theta_max_edge_cost,1.25,1.15823300472,1.25,0.75,0.75,1.04163178906,0.673479925183,0.984282700552,1,0.666003992988,0.65,0.324936828531,0.851070887204,1,10.6755067896,1,0,0,False,False,False,False,False
g556_c040314,stage2,,10000,10000,0,0,0,10000,-0.00236343952813,-0.00183381756609,4648,3622,216,500,1,True,True,True,True,True,True,True,True,True,True,,0.16649250052,flow_shield,theta_alpha_cong_commit_nonprogress;theta_alpha_flow_commit_progress;theta_alpha_flow_wait_progress;theta_rho_cong_decay;theta_lambda_cong;theta_flow_shield_beta;theta_max_flow_shield;theta_max_edge_cost,1.25,1.15384303664,1.25,0.75,0.75,1.07490592373,0.706732936674,0.97905681393,1,0.686126898619,0.65,0.330126504162,0.860992766188,1,10.6659357343,1,0,0,False,False,False,False,False
g556_c015811,stage2,,10000,10000,0,0,0,10000,-0.00223928294356,-0.00172676822601,4527,3556,216,500,1,True,True,True,True,True,True,True,True,True,True,,0.123707688876,flow_shield,theta_alpha_cong_commit_nonprogress;theta_alpha_flow_commit_progress;theta_alpha_flow_wait_progress;theta_rho_cong_decay;theta_lambda_cong;theta_flow_shield_beta;theta_max_flow_shield;theta_min_edge_cost;theta_max_edge_cost,1.25,1.15081231636,1.25,0.75,0.75,1.05974468397,0.670149673299,0.982850475699,1,0.650420321239,0.65,0.322973446821,0.842611376957,0.990551843344,10.7787388539,1,0,0,False,False,False,False,False
g556_c075835,stage2,,10000,10000,0,0,0,10000,-0.00223181433803,-0.00173727958647,4479,3581,216,500,1,True,True,True,True,True,True,True,True,True,True,,0.119662171027,flow_shield,theta_alpha_cong_commit_nonprogress;theta_alpha_flow_commit_progress;theta_alpha_flow_wait_progress;theta_rho_cong_decay;theta_lambda_cong;theta_flow_shield_beta;theta_max_flow_shield;theta_max_edge_cost,1.25,1.16027402985,1.25,0.75,0.75,1.07021562681,0.668522233806,0.981737521087,1,0.658432648702,0.65,0.325902129635,0.835604118604,1,10.6616712751,1,0,0,False,False,False,False,False
g556_c003799,stage2,,10000,10000,0,0,0,10000,-0.0021380357168,-0.00163290555205,4493,3564,216,500,1,True,True,True,True,True,True,True,True,True,True,,0.120729396819,flow_shield,theta_alpha_cong_commit_nonprogress;theta_alpha_flow_commit_progress;theta_alpha_flow_wait_progress;theta_rho_cong_decay;theta_lambda_cong;theta_flow_shield_beta;theta_max_flow_shield;theta_max_edge_cost,1.25,1.15173304422,1.25,0.75,0.75,1.07845739258,0.674978049438,0.98131987014,1,0.67044016068,0.65,0.331933652341,0.83877539409,1,10.640372335,1,0,0,False,False,False,False,False
g556_c044935,stage2,,10000,10000,0,0,0,10000,-0.00211945007791,-0.00162094335573,4506,3549,216,500,1,True,True,True,True,True,True,True,True,True,True,,0.0994858490385,flow_shield,theta_alpha_cong_commit_nonprogress;theta_alpha_flow_commit_progress;theta_alpha_flow_wait_progress;theta_rho_cong_decay;theta_lambda_cong;theta_flow_shield_beta;theta_max_flow_shield;theta_max_edge_cost,1.25,1.11704914577,1.25,0.75,0.75,1.034650693,0.682487680035,0.983187562937,1,0.666576352771,0.65,0.330050233591,0.837238786825,1,10.6680191261,1,0,0,False,False,False,False,False
g556_c063001,stage2,,10000,10000,0,0,0,10000,-0.0020058152728,-0.00150634255299,4428,3548,216,500,1,True,True,True,True,True,True,True,True,True,True,,0.172314158064,flow_shield,theta_alpha_cong_commit_nonprogress;theta_alpha_flow_commit_progress;theta_alpha_flow_wait_progress;theta_rho_cong_decay;theta_lambda_cong;theta_flow_shield_beta;theta_max_flow_shield;theta_min_edge_cost;theta_max_edge_cost,1.25,1.1420893144,1.25,0.75,0.75,1.08434692541,0.702888975706,0.979760195519,1,0.692542156374,0.65,0.327426696261,0.849526356837,0.981132899851,10.6658712745,1,0,0,False,False,False,False,False
g556_c012076,stage2,,10000,10000,0,0,0,10000,-0.00198856493161,-0.00149241187873,4475,3605,216,500,1,True,True,True,True,True,True,True,True,True,True,,0.127865856392,flow_shield,theta_alpha_cong_commit_nonprogress;theta_alpha_flow_commit_progress;theta_alpha_flow_wait_progress;theta_rho_cong_decay;theta_lambda_cong;theta_flow_shield_beta;theta_max_flow_shield;theta_min_edge_cost;theta_max_edge_cost,1.25,1.10569582046,1.25,0.75,0.75,1.02849245023,0.6905243153,0.983524188927,1,0.654726178321,0.65,0.322678175707,0.830579791177,0.99340824915,10.7848077157,1,0,0,False,False,False,False,False
g556_c003589,stage2,,10000,10000,0,0,0,10000,-0.00195801080854,-0.00146302079639,4439,3639,216,500,1,True,True,True,True,True,True,True,True,True,True,,0.137659537021,flow_shield,theta_alpha_cong_commit_nonprogress;theta_alpha_flow_commit_progress;theta_alpha_flow_wait_progress;theta_rho_cong_decay;theta_lambda_cong;theta_flow_shield_beta;theta_max_flow_shield;theta_min_edge_cost;theta_max_edge_cost,1.25,1.16293016126,1.25,0.75,0.75,1.08541954819,0.681281908652,0.98078004566,1,0.657093711219,0.65,0.31932066378,0.84132896518,0.996346616585,10.6464459208,1,0,0,False,False,False,False,False
g556_c059016,stage2,,10000,10000,0,0,0,10000,-0.00179784850358,-0.00127824171236,4476,3706,216,500,1,True,True,True,True,True,True,True,True,True,True,,0.151048942858,flow_shield,theta_alpha_cong_commit_nonprogress;theta_alpha_flow_commit_progress;theta_alpha_flow_wait_progress;theta_rho_cong_decay;theta_lambda_cong;theta_flow_shield_beta;theta_max_flow_shield;theta_max_edge_cost,1.25,1.09187039756,1.25,0.75,0.75,1.08185629688,0.676379677734,0.984511412766,1,0.658154806536,0.65,0.306949920892,0.856908263442,1,10.6539065864,1,0,0,False,False,False,False,False
g556_c002575,stage2,,10000,10000,0,0,0,10000,-0.0017957958508,-0.00129648735526,4429,3666,216,500,1,True,True,True,True,True,True,True,True,True,True,,0.146944278155,flow_shield,theta_alpha_cong_commit_nonprogress;theta_alpha_flow_commit_progress;theta_alpha_flow_wait_progress;theta_rho_cong_decay;theta_lambda_cong;theta_flow_shield_beta;theta_max_flow_shield;theta_min_edge_cost;theta_max_edge_cost,1.25,1.16576270838,1.25,0.75,0.75,1.09058913119,0.655715227227,0.981049673851,1,0.660157403528,0.65,0.315949333094,0.837514497873,0.99185992042,10.6857962428,1,0,0,False,False,False,False,False
g556_c062983,stage2,,10000,10000,0,0,0,10000,-0.00176810747685,-0.00125452473356,4467,3624,216,500,1,True,True,True,True,True,True,True,True,True,True,,0.142217915339,flow_shield,theta_alpha_cong_commit_nonprogress;theta_alpha_flow_commit_progress;theta_alpha_flow_wait_progress;theta_rho_cong_decay;theta_lambda_cong;theta_flow_shield_beta;theta_max_flow_shield;theta_min_edge_cost;theta_max_edge_cost,1.25,1.12041739442,1.25,0.75,0.75,1.09192684217,0.718653924661,0.983354092338,1,0.683581639255,0.65,0.325825579465,0.850467439014,0.995348255955,10.6812255885,1,0,0,False,False,False,False,False
g556_c022165,stage2,,10000,10000,0,0,0,10000,-0.00174410017211,-0.00124268962243,4477,3673,216,500,1,True,True,True,True,True,True,True,True,True,True,,0.102133393602,flow_shield,theta_alpha_cong_commit_nonprogress;theta_alpha_flow_commit_progress;theta_alpha_flow_wait_progress;theta_rho_cong_decay;theta_lambda_cong;theta_flow_shield_beta;theta_max_flow_shield;theta_max_edge_cost,1.25,1.12750148942,1.25,0.75,0.75,1.04867239219,0.678442839044,0.98169012293,1,0.653108185675,0.65,0.327785858384,0.82944379771,1,10.8125262826,1,0,0,False,False,False,False,False
g556_c000930,stage2,,10000,10000,0,0,0,10000,-0.00173924178087,-0.00122087052744,4391,3669,216,500,1,True,True,True,True,True,True,True,True,True,True,,0.160156679519,flow_shield,theta_alpha_cong_commit_nonprogress;theta_alpha_flow_commit_progress;theta_alpha_flow_wait_progress;theta_rho_cong_decay;theta_lambda_cong;theta_flow_shield_beta;theta_max_flow_shield;theta_min_edge_cost;theta_max_edge_cost,1.25,1.14534913212,1.25,0.75,0.75,1.06606161427,0.711872056256,0.979979548761,1,0.702992920021,0.65,0.331275678314,0.852638136252,0.993549221352,10.7009287814,1,0,0,False,False,False,False,False
g556_c074392,stage2,,10000,10000,0,0,0,10000,-0.00168861049172,-0.00119818800687,4408,3693,216,500,1,True,True,True,True,True,True,True,True,True,True,,0.120385158841,flow_shield,theta_alpha_cong_commit_nonprogress;theta_alpha_flow_commit_progress;theta_alpha_flow_wait_progress;theta_rho_cong_decay;theta_lambda_cong;theta_flow_shield_beta;theta_max_flow_shield;theta_max_edge_cost,1.25,1.15151985486,1.25,0.75,0.75,1.0235324976,0.671034455019,0.981322366033,1,0.651520320439,0.65,0.326378712605,0.825712943278,1,10.6783184252,1,0,0,False,False,False,False,False
g556_c068920,stage2,,10000,10000,0,0,0,10000,-0.0016045798054,-0.00112001436089,4362,3663,216,500,1,True,True,True,True,True,True,True,True,True,True,,0.0800239699386,flow_shield,theta_alpha_cong_commit_nonprogress;theta_alpha_flow_commit_progress;theta_alpha_flow_wait_progress;theta_rho_cong_decay;theta_lambda_cong;theta_flow_shield_beta;theta_max_flow_shield;theta_max_edge_cost,1.25,1.14713399927,1.25,0.75,0.75,1.04422094929,0.691599305825,0.981430678458,1,0.672194698416,0.65,0.327706586622,0.832127561534,1,10.7524270729,1,0,0,False,False,False,False,False
g556_c078415,stage2,,10000,10000,0,0,0,10000,-0.00159983437216,-0.00110280204377,4350,3669,216,500,1,True,True,True,True,True,True,True,True,True,True,,0.124716238338,flow_shield,theta_alpha_cong_commit_nonprogress;theta_alpha_flow_commit_progress;theta_alpha_flow_wait_progress;theta_rho_cong_decay;theta_lambda_cong;theta_flow_shield_beta;theta_max_flow_shield;theta_max_edge_cost,1.25,1.16293114563,1.25,0.75,0.75,1.06217207794,0.707386636588,0.984355181184,1,0.686447863156,0.65,0.327054268579,0.841920657154,1,10.6916293853,1,0,0,False,False,False,False,False
g556_c038779,stage2,,10000,10000,0,0,0,10000,-0.00156300468472,-0.00107428767088,4409,3699,216,500,1,True,True,True,True,True,True,True,True,True,True,,0.116485773048,flow_shield,theta_alpha_cong_commit_nonprogress;theta_alpha_flow_commit_progress;theta_alpha_flow_wait_progress;theta_rho_cong_decay;theta_lambda_cong;theta_flow_shield_beta;theta_max_flow_shield;theta_min_edge_cost;theta_max_edge_cost,1.25,1.12087109681,1.25,0.75,0.75,1.07286299961,0.662380615356,0.981169316992,1,0.664159387522,0.65,0.320232163045,0.837817850713,0.997066603175,10.7825242426,1,0,0,False,False,False,False,False
g556_c008647,stage2,,10000,10000,0,0,0,10000,-0.00156103150052,-0.00107845661241,4312,3719,216,500,1,True,True,True,True,True,True,True,True,True,True,,0.114805738101,flow_shield,theta_alpha_cong_commit_nonprogress;theta_alpha_flow_commit_progress;theta_alpha_flow_wait_progress;theta_rho_cong_decay;theta_lambda_cong;theta_flow_shield_beta;theta_max_flow_shield;theta_max_edge_cost,1.25,1.11191750179,1.25,0.75,0.75,1.02735673238,0.697565641051,0.981255626733,1,0.657588192235,0.65,0.326564022049,0.824013326501,1,10.7662959413,1,0,0,False,False,False,False,False
g556_c001603,stage2,,10000,10000,0,0,0,10000,-0.00155835632688,-0.0010687936469,4304,3694,216,500,1,True,True,True,True,True,True,True,True,True,True,,0.142093838724,flow_shield,theta_alpha_cong_commit_nonprogress;theta_alpha_flow_commit_progress;theta_alpha_flow_wait_progress;theta_rho_cong_decay;theta_lambda_cong;theta_flow_shield_beta;theta_max_flow_shield;theta_max_edge_cost,1.25,1.09738663226,1.25,0.75,0.75,1.0927510147,0.691552654715,0.98083664719,1,0.652539079383,0.65,0.331846734201,0.817976985235,1,10.7744507888,1,0,0,False,False,False,False,False
g556_c039652,stage2,,10000,10000,0,0,0,10000,-0.00154295744286,-0.00104408305523,4300,3688,216,500,1,True,True,True,True,True,True,True,True,True,True,,0.12096639961,flow_shield,theta_alpha_cong_commit_nonprogress;theta_alpha_flow_commit_progress;theta_alpha_flow_wait_progress;theta_rho_cong_decay;theta_lambda_cong;theta_flow_shield_beta;theta_max_flow_shield;theta_max_edge_cost,1.25,1.10313009691,1.25,0.75,0.75,1.07470837658,0.709596776832,0.984195658913,1,0.654192209923,0.65,0.306485030286,0.835745100681,1,10.7031007508,1,0,0,False,False,False,False,False
g556_c078391,stage2,,10000,10000,0,0,0,10000,-0.0015238837354,-0.00102453393078,4372,3638,216,500,1,True,True,True,True,True,True,True,True,True,True,,0.129380791861,flow_shield,theta_alpha_cong_commit_nonprogress;theta_alpha_flow_commit_progress;theta_alpha_flow_wait_progress;theta_rho_cong_decay;theta_lambda_cong;theta_flow_shield_beta;theta_max_flow_shield;theta_max_edge_cost,1.25,1.1668567451,1.25,0.75,0.75,1.09932037849,0.705975437696,0.981675167474,1,0.665856195431,0.65,0.3209138406,0.838534757312,1,10.6881121878,1,0,0,False,False,False,False,False
g556_c065509,stage2,,10000,10000,0,0,0,10000,-0.00143727824716,-0.000953866964021,4309,3698,216,500,1,True,True,True,True,True,True,True,True,True,True,,0.0972320083087,flow_shield,theta_alpha_cong_commit_nonprogress;theta_alpha_flow_commit_progress;theta_alpha_flow_wait_progress;theta_rho_cong_decay;theta_lambda_cong;theta_flow_shield_beta;theta_max_flow_shield;theta_max_edge_cost,1.25,1.14856206999,1.25,0.75,0.75,1.0721325843,0.700818540667,0.983507142979,1,0.662347152959,0.65,0.316919038984,0.831470704129,1,10.7866483002,1,0,0,False,False,False,False,False
g556_c047095,stage2,,10000,10000,0,0,0,10000,-0.00141863270261,-0.000905648571913,4327,3663,216,500,1,True,True,True,True,True,True,True,True,True,True,,0.131975716574,flow_shield,theta_alpha_cong_commit_nonprogress;theta_alpha_flow_commit_progress;theta_alpha_flow_wait_progress;theta_rho_cong_decay;theta_lambda_cong;theta_flow_shield_beta;theta_max_flow_shield;theta_min_edge_cost;theta_max_edge_cost,1.25,1.10493776961,1.25,0.75,0.75,1.09164410952,0.713589980478,0.983270479689,1,0.66554000588,0.65,0.314725043566,0.838657857568,0.989041299126,10.6952832843,1,0,0,False,False,False,False,False
g556_c079048,stage2,,10000,10000,0,0,0,10000,-0.00140241651441,-0.00090027438042,4331,3721,216,500,1,True,True,True,True,True,True,True,True,True,True,,0.143825220534,flow_shield,theta_alpha_cong_commit_nonprogress;theta_alpha_flow_commit_progress;theta_alpha_flow_wait_progress;theta_rho_cong_decay;theta_lambda_cong;theta_flow_shield_beta;theta_max_flow_shield;theta_min_edge_cost;theta_max_edge_cost,1.25,1.12260965284,1.25,0.75,0.75,1.06497802052,0.669814686179,0.980384598346,1,0.68845666363,0.65,0.328756150673,0.844973157997,0.987203021641,10.6522740073,1,0,0,False,False,False,False,False
g556_c065140,stage2,,10000,10000,0,0,0,10000,-0.00123910412272,-0.000735556228311,4308,3768,216,500,1,True,True,True,True,True,True,True,True,True,True,,0.105684512927,flow_shield,theta_alpha_cong_commit_nonprogress;theta_alpha_flow_commit_progress;theta_alpha_flow_wait_progress;theta_rho_cong_decay;theta_lambda_cong;theta_flow_shield_beta;theta_max_flow_shield;theta_max_edge_cost,1.25,1.15002453747,1.25,0.75,0.75,1.05892948891,0.705935587816,0.982847604707,1,0.695219034343,0.65,0.324207811118,0.844675408265,1,10.6825294226,1,0,0,False,False,False,False,False
g556_c061750,stage2,,10000,10000,0,0,0,10000,-0.00103463180731,-0.00051696997067,4315,3708,216,500,1,True,True,True,True,True,True,True,True,True,True,,0.127630981108,flow_shield,theta_alpha_cong_commit_nonprogress;theta_alpha_flow_commit_progress;theta_alpha_flow_wait_progress;theta_rho_cong_decay;theta_lambda_cong;theta_flow_shield_beta;theta_max_flow_shield;theta_max_edge_cost,1.25,1.11724250769,1.25,0.75,0.75,1.03683712994,0.671157189651,0.985351686745,1,0.686419249742,0.65,0.314573590021,0.848689224349,1,10.7915069616,1,0,0,False,False,False,False,False
g556_c060109,stage2,,10000,10000,0,0,0,10000,-0.00087322384608,-0.000385820964248,4213,3728,216,500,1,True,True,True,True,True,False,True,True,True,False,quality_gate_not_met,0.105425088718,flow_shield,theta_alpha_cong_commit_nonprogress;theta_alpha_flow_commit_progress;theta_alpha_flow_wait_progress;theta_rho_cong_decay;theta_lambda_cong;theta_flow_shield_beta;theta_max_flow_shield;theta_max_edge_cost,1.25,1.14322764536,1.25,0.75,0.75,1.08047012554,0.714742848894,0.984195915412,1,0.659725685823,0.65,0.31487060913,0.827051323637,1,10.6785124646,1,0,0,False,False,False,False,False
g556_c001279,stage2,,10000,10000,0,0,0,10000,-0.000745995129977,-0.000254452732968,4232,3837,216,500,1,True,True,True,True,True,False,True,True,True,False,quality_gate_not_met,0.140031341903,flow_shield,theta_alpha_cong_commit_nonprogress;theta_alpha_flow_commit_progress;theta_alpha_flow_wait_progress;theta_rho_cong_decay;theta_lambda_cong;theta_flow_shield_beta;theta_max_flow_shield;theta_max_edge_cost,1.25,1.13897325375,1.25,0.75,0.75,1.02611069662,0.712701725017,0.979752065844,1,0.703147859556,0.65,0.313697453449,0.846897678473,1,10.6775436635,1,0,0,False,False,False,False,False
g556_c001348,stage2,,10000,10000,0,0,0,10000,-0.00042244639377,6.90844831471e-05,4176,3925,216,500,1,True,True,True,True,True,False,False,True,True,False,quality_gate_not_met,0.115169391991,flow_shield,theta_alpha_cong_commit_nonprogress;theta_alpha_flow_commit_progress;theta_alpha_flow_wait_progress;theta_rho_cong_decay;theta_lambda_cong;theta_flow_shield_beta;theta_max_flow_shield;theta_min_edge_cost;theta_max_edge_cost,1.25,1.16319566046,1.25,0.75,0.75,1.08018669389,0.672174329725,0.982231779555,1,0.691128479115,0.65,0.302443178412,0.842279024829,0.993540751253,10.7307532479,1,0,0,False,False,False,False,False
g556_c000919,stage2,,10000,10000,0,0,0,10000,0.000125495950043,0.000622930223433,4060,4011,216,500,1,True,True,True,True,True,False,False,True,True,False,quality_gate_not_met,0.132860487417,flow_shield,theta_alpha_cong_commit_nonprogress;theta_alpha_flow_commit_progress;theta_alpha_flow_wait_progress;theta_rho_cong_decay;theta_lambda_cong;theta_flow_shield_beta;theta_max_flow_shield;theta_max_edge_cost,1.25,1.11856695497,1.25,0.75,0.75,1.09820926432,0.692163595382,0.979959252422,1,0.679274342177,0.65,0.291297588649,0.844671838901,1,10.749377584,1,0,0,False,False,False,False,False
g556_c047827,stage2,,10000,10000,0,0,0,10000,0.000393360541593,0.000875590421832,3804,3992,216,500,1,True,True,True,True,True,False,False,False,True,False,quality_gate_not_met,0.108536449395,flow_shield,theta_alpha_cong_commit_nonprogress;theta_alpha_flow_commit_progress;theta_alpha_flow_wait_progress;theta_rho_cong_decay;theta_lambda_cong;theta_flow_shield_beta;theta_max_flow_shield;theta_max_edge_cost,1.25,1.14223551897,1.25,0.75,0.75,1.03450867043,0.670197983779,0.9844998663,1,0.661138553584,0.65,0.314015361295,0.801153305706,1,10.8278560886,1,0,0,False,False,False,False,False
g556_c045280,stage2,,10000,10000,0,0,0,10000,0.00044121632628,0.000891735331007,3592,3807,216,500,1,True,True,True,True,True,False,False,False,True,False,quality_gate_not_met,0.143324210027,flow_shield,theta_alpha_cong_commit_nonprogress;theta_alpha_flow_commit_progress;theta_alpha_flow_wait_progress;theta_rho_cong_decay;theta_lambda_cong;theta_flow_shield_beta;theta_max_flow_shield;theta_min_edge_cost;theta_max_edge_cost,1.25,1.15759256664,1.25,0.75,0.75,1.09010139115,0.690513461582,0.985328925813,1,0.65820325739,0.65,0.301117847988,0.804636362757,0.996564973555,10.6074409658,1,0,0,False,False,False,False,False
g556_c047608,stage2,,10000,10000,0,0,0,10000,0.00080481812468,0.00127262392934,3806,4023,216,500,1,True,True,True,True,True,False,False,False,True,False,quality_gate_not_met,0.0857446452628,flow_shield,theta_alpha_cong_commit_nonprogress;theta_alpha_flow_commit_progress;theta_alpha_flow_wait_progress;theta_rho_cong_decay;theta_lambda_cong;theta_flow_shield_beta;theta_max_flow_shield;theta_max_edge_cost,1.25,1.14903091233,1.25,0.75,0.75,1.06309523892,0.692792195996,0.980400449299,1,0.679608153676,0.65,0.320622977873,0.805111023833,1,10.7853413241,1,0,0,False,False,False,False,False
g556_c047680,stage2,,10000,10000,0,0,0,10000,0.00155459116923,0.00205155217434,3735,4262,216,500,1,True,True,True,True,True,False,False,False,True,False,quality_gate_not_met,0.136744397257,flow_shield,theta_alpha_cong_commit_nonprogress;theta_alpha_flow_commit_progress;theta_alpha_flow_wait_progress;theta_rho_cong_decay;theta_lambda_cong;theta_flow_shield_beta;theta_max_flow_shield;theta_min_edge_cost;theta_max_edge_cost,1.25,1.12737728979,1.25,0.75,0.75,1.02515816273,0.711118419142,0.980551318096,1,0.655267481698,0.65,0.317228602056,0.783043596286,0.99434501134,10.7652688643,1,0,0,False,False,False,False,False
g556_c048963,stage2,,10000,10000,0,0,0,10000,0.00199388546704,0.00248725459751,3714,4377,216,500,1,True,True,True,True,True,False,False,False,True,False,quality_gate_not_met,0.134499304493,flow_shield,theta_alpha_cong_commit_nonprogress;theta_alpha_flow_commit_progress;theta_alpha_flow_wait_progress;theta_rho_cong_decay;theta_lambda_cong;theta_flow_shield_beta;theta_max_flow_shield;theta_min_edge_cost;theta_max_edge_cost,1.25,1.15531345223,1.25,0.75,0.75,1.06840828523,0.695096466583,0.980638238785,1,0.666758960723,0.65,0.323100333241,0.778660793184,0.985374428877,10.6758958965,1,0,0,False,False,False,False,False
g556_c014083,stage2,,10000,10000,1,0,-0.0001,9999,-0.00147338560785,-0.000993822543187,4374,3691,216,500,1,True,True,True,True,True,True,True,True,False,False,success_regression,0.134225484821,flow_shield,theta_alpha_cong_commit_nonprogress;theta_alpha_flow_commit_progress;theta_alpha_flow_wait_progress;theta_rho_cong_decay;theta_lambda_cong;theta_flow_shield_beta;theta_max_flow_shield;theta_min_edge_cost;theta_max_edge_cost,1.25,1.15899076057,1.25,0.75,0.75,1.04894752136,0.696739246655,0.984696847159,1,0.684897730307,0.65,0.325263561951,0.837435998733,0.991321611035,10.6316388952,1,0,0,False,False,False,False,False
g556_c003526,stage2,,10000,10000,1,0,-0.0001,9999,-0.00115696803719,-0.000659148577171,4261,3767,216,500,1,True,True,True,True,True,True,True,True,False,False,success_regression,0.123256610232,flow_shield,theta_alpha_cong_commit_nonprogress;theta_alpha_flow_commit_progress;theta_alpha_flow_wait_progress;theta_rho_cong_decay;theta_lambda_cong;theta_flow_shield_beta;theta_max_flow_shield;theta_min_edge_cost;theta_max_edge_cost,1.25,1.10987417042,1.25,0.75,0.75,1.04929379532,0.656415348877,0.982897853806,1,0.65813662809,0.65,0.304403480531,0.83855534225,0.996763782209,10.6190090531,1,0,0,False,False,False,False,False
