row_type,eval_scope,policy,contexts,mean_delta_vs_static,mean_solution_quality_delta_vs_static,solution_quality_harmful_rate,no_solution_rate,total_harmful_rate,false_positive_count,solution_quality_false_positive_count,no_solution_count,helpful_vs_static_rate,coverage,fallback_rate,new_candidate_selection_rate,new_candidate_selection_count,new_candidate_helpful_selection_count,new_candidate_harmful_selection_count,new_candidate_selection_harmful_rate,new_candidate_opportunity_contexts,new_candidate_opportunity_capture_count,new_candidate_opportunity_capture_rate,oracle_regret_vs_old14,oracle_regret_vs_new22,finite_delta_contexts,risk_adjusted_utility_lambda_0p05,solution_quality_utility_lambda_0p05,risk_adjusted_utility_lambda_0p10,solution_quality_utility_lambda_0p10,risk_adjusted_utility_lambda_0p20,solution_quality_utility_lambda_0p20,group_type,group_key
group_summary,group_map_agent,balanced_false_positive_constrained_policy,10,0.0,0.0,0.0,0.3,0.3,3,0,3,0.0,0.0,1.0,0.0,0,0,0,0.0,2,0,0.0,0.048003421414,0.048003421414,10,0.015,0.0,0.03,0.0,0.06,0.0,map_agent,maze-32-32-4|a100
group_summary,group_map_agent,balanced_false_positive_constrained_policy,10,0.0,0.0,0.0,0.0,0.0,0,0,0,0.0,0.0,1.0,0.0,0,0,0,0.0,5,0,0.0,0.029597387546999997,0.034340399367,10,0.0,0.0,0.0,0.0,0.0,0.0,map_agent,maze-32-32-4|a50
group_summary,group_map_agent,balanced_false_positive_constrained_policy,10,0.0,0.0,0.0,0.0,0.0,0,0,0,0.0,0.0,1.0,0.0,0,0,0,0.0,4,0,0.0,0.044019872663999995,0.045331452634,10,0.0,0.0,0.0,0.0,0.0,0.0,map_agent,random-32-32-20|a100
group_summary,group_map_agent,balanced_false_positive_constrained_policy,10,0.0016553067179999998,0.0016553067179999998,0.1,0.0,0.1,1,1,0,0.0,0.1,0.9,0.1,1,0,1,1.0,5,1,0.2,0.049359668678,0.052807239713,10,0.006655306718000001,0.006655306718000001,0.011655306718000002,0.011655306718000002,0.021655306718000002,0.021655306718000002,map_agent,random-32-32-20|a50
group_summary,group_map_agent,balanced_false_positive_constrained_policy,10,inf,inf,0.0,1.0,1.0,10,0,10,0.0,0.0,1.0,0.0,0,0,0,0.0,0,0,0.0,inf,inf,0,0.05,0.0,0.1,0.0,0.2,0.0,map_agent,warehouse-10-20-10-2-1|a100
group_summary,group_map_agent,balanced_false_positive_constrained_policy,10,inf,inf,0.0,1.0,1.0,10,0,10,0.0,0.0,1.0,0.0,0,0,0,0.0,0,0,0.0,inf,inf,0,0.05,0.0,0.1,0.0,0.2,0.0,map_agent,warehouse-10-20-10-2-1|a50
group_summary,group_map_family,balanced_false_positive_constrained_policy,20,0.0,0.0,0.0,0.15,0.15,3,0,3,0.0,0.0,1.0,0.0,0,0,0,0.0,7,0,0.0,0.0388004044805,0.041171910390500006,20,0.0075,0.0,0.015,0.0,0.03,0.0,map_family,maze
group_summary,group_map_family,balanced_false_positive_constrained_policy,20,0.0008276533589999999,0.0008276533589999999,0.05,0.0,0.05,1,1,0,0.0,0.05,0.95,0.05,1,0,1,1.0,9,1,0.1111111111111111,0.046689770671,0.04906934617349999,20,0.0033276533590000006,0.0033276533590000006,0.005827653359000001,0.005827653359000001,0.010827653359000001,0.010827653359000001,map_family,random
group_summary,group_map_family,balanced_false_positive_constrained_policy,20,inf,inf,0.0,1.0,1.0,20,0,20,0.0,0.0,1.0,0.0,0,0,0,0.0,0,0,0.0,inf,inf,0,0.05,0.0,0.1,0.0,0.2,0.0,map_family,warehouse
group_summary,group_candidate_family,balanced_false_positive_constrained_policy,1,0.01655306718,0.01655306718,1.0,0.0,1.0,1,1,0,0.0,1.0,0.0,1.0,1,0,1,1.0,1,1,1.0,0.04771178189,0.05160662122,1,0.06655306718000001,0.06655306718000001,0.11655306718,0.11655306718,0.21655306718,0.21655306718,candidate_family,high_beta
group_summary,group_candidate_family,balanced_false_positive_constrained_policy,59,0.0,0.0,0.0,0.3898305084745763,0.3898305084745763,23,0,23,0.0,0.0,1.0,0.0,0,0,0,0.0,15,0,0.0,0.04261773643948717,0.04495432077076922,39,0.019491525423728815,0.0,0.03898305084745763,0.0,0.07796610169491526,0.0,candidate_family,static
group_summary,group_map_agent,family_specialist_gate_then_ranker,10,0.0,0.0,0.0,0.3,0.3,3,0,3,0.0,0.0,1.0,0.0,0,0,0,0.0,2,0,0.0,0.048003421414,0.048003421414,10,0.015,0.0,0.03,0.0,0.06,0.0,map_agent,maze-32-32-4|a100
group_summary,group_map_agent,family_specialist_gate_then_ranker,10,-0.001145737856,-0.001145737856,0.0,0.0,0.0,0,0,0,0.1,0.1,0.9,0.1,1,1,0,0.0,5,0,0.0,0.028451649690999996,0.03319466151099999,10,-0.001145737856,-0.001145737856,-0.001145737856,-0.001145737856,-0.001145737856,-0.001145737856,map_agent,maze-32-32-4|a50
group_summary,group_map_agent,family_specialist_gate_then_ranker,10,0.0,0.0,0.0,0.0,0.0,0,0,0,0.0,0.0,1.0,0.0,0,0,0,0.0,4,0,0.0,0.044019872663999995,0.045331452634,10,0.0,0.0,0.0,0.0,0.0,0.0,map_agent,random-32-32-20|a100
group_summary,group_map_agent,family_specialist_gate_then_ranker,10,0.0,0.0,0.0,0.0,0.0,0,0,0,0.0,0.0,1.0,0.0,0,0,0,0.0,5,0,0.0,0.04770436196,0.051151932995,10,0.0,0.0,0.0,0.0,0.0,0.0,map_agent,random-32-32-20|a50
group_summary,group_map_agent,family_specialist_gate_then_ranker,10,inf,inf,0.0,1.0,1.0,10,0,10,0.0,0.0,1.0,0.0,0,0,0,0.0,0,0,0.0,inf,inf,0,0.05,0.0,0.1,0.0,0.2,0.0,map_agent,warehouse-10-20-10-2-1|a100
group_summary,group_map_agent,family_specialist_gate_then_ranker,10,inf,inf,0.0,1.0,1.0,10,0,10,0.0,0.0,1.0,0.0,0,0,0,0.0,0,0,0.0,inf,inf,0,0.05,0.0,0.1,0.0,0.2,0.0,map_agent,warehouse-10-20-10-2-1|a50
group_summary,group_map_family,family_specialist_gate_then_ranker,20,-0.000572868928,-0.000572868928,0.0,0.15,0.15,3,0,3,0.05,0.05,0.95,0.05,1,1,0,0.0,7,0,0.0,0.038227535552500004,0.0405990414625,20,0.006927131071999999,-0.000572868928,0.014427131071999999,-0.000572868928,0.029427131072,-0.000572868928,map_family,maze
group_summary,group_map_family,family_specialist_gate_then_ranker,20,0.0,0.0,0.0,0.0,0.0,0,0,0,0.0,0.0,1.0,0.0,0,0,0,0.0,9,0,0.0,0.045862117311999996,0.0482416928145,20,0.0,0.0,0.0,0.0,0.0,0.0,map_family,random
group_summary,group_map_family,family_specialist_gate_then_ranker,20,inf,inf,0.0,1.0,1.0,20,0,20,0.0,0.0,1.0,0.0,0,0,0,0.0,0,0,0.0,inf,inf,0,0.05,0.0,0.1,0.0,0.2,0.0,map_family,warehouse
group_summary,group_candidate_family,family_specialist_gate_then_ranker,1,-0.01145737856,-0.01145737856,0.0,0.0,0.0,0,0,0,1.0,1.0,0.0,1.0,1,1,0,0.0,0,0,0.0,0.07607699358,0.07607699358,1,-0.01145737856,-0.01145737856,-0.01145737856,-0.01145737856,-0.01145737856,-0.01145737856,candidate_family,block_heavy
group_summary,group_candidate_family,family_specialist_gate_then_ranker,59,0.0,0.0,0.0,0.3898305084745763,0.3898305084745763,23,0,23,0.0,0.0,1.0,0.0,0,0,0,0.0,16,0,0.0,0.041172206761794866,0.04360865876820511,39,0.019491525423728815,0.0,0.03898305084745763,0.0,0.07796610169491526,0.0,candidate_family,static
group_summary,group_map_agent,full22_global_ranker_corrected,10,0.0,0.0,0.0,0.3,0.3,3,0,3,0.0,0.0,1.0,0.0,0,0,0,0.0,2,0,0.0,0.048003421414,0.048003421414,10,0.015,0.0,0.03,0.0,0.06,0.0,map_agent,maze-32-32-4|a100
group_summary,group_map_agent,full22_global_ranker_corrected,10,-0.001145737856,-0.001145737856,0.0,0.0,0.0,0,0,0,0.1,0.1,0.9,0.1,1,1,0,0.0,5,0,0.0,0.028451649690999996,0.03319466151099999,10,-0.001145737856,-0.001145737856,-0.001145737856,-0.001145737856,-0.001145737856,-0.001145737856,map_agent,maze-32-32-4|a50
group_summary,group_map_agent,full22_global_ranker_corrected,10,0.0,0.0,0.0,0.0,0.0,0,0,0,0.0,0.0,1.0,0.0,0,0,0,0.0,4,0,0.0,0.044019872663999995,0.045331452634,10,0.0,0.0,0.0,0.0,0.0,0.0,map_agent,random-32-32-20|a100
group_summary,group_map_agent,full22_global_ranker_corrected,10,-0.00028890291800000024,-0.00028890291800000024,0.1,0.0,0.1,1,1,0,0.1,0.2,0.8,0.1,1,0,1,1.0,5,1,0.2,0.047415459041999994,0.05086303007699999,10,0.004711097082000001,0.004711097082000001,0.009711097082000002,0.009711097082000002,0.019711097082000004,0.019711097082000004,map_agent,random-32-32-20|a50
group_summary,group_map_agent,full22_global_ranker_corrected,10,inf,inf,0.0,1.0,1.0,10,0,10,0.0,0.0,1.0,0.0,0,0,0,0.0,0,0,0.0,inf,inf,0,0.05,0.0,0.1,0.0,0.2,0.0,map_agent,warehouse-10-20-10-2-1|a100
group_summary,group_map_agent,full22_global_ranker_corrected,10,inf,inf,0.0,1.0,1.0,10,0,10,0.0,0.0,1.0,0.0,0,0,0,0.0,0,0,0.0,inf,inf,0,0.05,0.0,0.1,0.0,0.2,0.0,map_agent,warehouse-10-20-10-2-1|a50
group_summary,group_map_family,full22_global_ranker_corrected,20,-0.000572868928,-0.000572868928,0.0,0.15,0.15,3,0,3,0.05,0.05,0.95,0.05,1,1,0,0.0,7,0,0.0,0.038227535552500004,0.0405990414625,20,0.006927131071999999,-0.000572868928,0.014427131071999999,-0.000572868928,0.029427131072,-0.000572868928,map_family,maze
group_summary,group_map_family,full22_global_ranker_corrected,20,-0.00014445145900000012,-0.00014445145900000012,0.05,0.0,0.05,1,1,0,0.05,0.1,0.9,0.05,1,0,1,1.0,9,1,0.1111111111111111,0.045717665853,0.048097241355499996,20,0.0023555485410000003,0.0023555485410000003,0.004855548541000001,0.004855548541000001,0.009855548541000002,0.009855548541000002,map_family,random
group_summary,group_map_family,full22_global_ranker_corrected,20,inf,inf,0.0,1.0,1.0,20,0,20,0.0,0.0,1.0,0.0,0,0,0,0.0,0,0,0.0,inf,inf,0,0.05,0.0,0.1,0.0,0.2,0.0,map_family,warehouse
group_summary,group_candidate_family,full22_global_ranker_corrected,2,-0.015449737460000001,-0.015449737460000001,0.0,0.0,0.0,0,0,0,1.0,1.0,0.0,0.5,1,1,0,0.0,1,0,0.0,0.03803849679,0.0460689279,2,-0.015449737460000001,-0.015449737460000001,-0.015449737460000001,-0.015449737460000001,-0.015449737460000001,-0.015449737460000001,candidate_family,block_heavy
group_summary,group_candidate_family,full22_global_ranker_corrected,1,0.01655306718,0.01655306718,1.0,0.0,1.0,1,1,0,0.0,1.0,0.0,1.0,1,0,1,1.0,1,1,1.0,0.04771178189,0.05160662122,1,0.06655306718000001,0.06655306718000001,0.11655306718,0.11655306718,0.21655306718,0.21655306718,candidate_family,high_beta
group_summary,group_candidate_family,full22_global_ranker_corrected,57,0.0,0.0,0.0,0.40350877192982454,0.40350877192982454,23,0,23,0.0,0.0,1.0,0.0,0,0,0,0.0,14,0,0.0,0.04203014196324324,0.044058950792972965,37,0.02017543859649123,0.0,0.04035087719298246,0.0,0.08070175438596491,0.0,candidate_family,static
group_summary,group_map_agent,new_candidate_expert_mixture,10,0.0,0.0,0.0,0.3,0.3,3,0,3,0.0,0.0,1.0,0.0,0,0,0,0.0,2,0,0.0,0.048003421414,0.048003421414,10,0.015,0.0,0.03,0.0,0.06,0.0,map_agent,maze-32-32-4|a100
group_summary,group_map_agent,new_candidate_expert_mixture,10,0.0,0.0,0.0,0.0,0.0,0,0,0,0.0,0.0,1.0,0.0,0,0,0,0.0,5,0,0.0,0.029597387546999997,0.034340399367,10,0.0,0.0,0.0,0.0,0.0,0.0,map_agent,maze-32-32-4|a50
group_summary,group_map_agent,new_candidate_expert_mixture,10,0.0,0.0,0.0,0.0,0.0,0,0,0,0.0,0.0,1.0,0.0,0,0,0,0.0,4,0,0.0,0.044019872663999995,0.045331452634,10,0.0,0.0,0.0,0.0,0.0,0.0,map_agent,random-32-32-20|a100
group_summary,group_map_agent,new_candidate_expert_mixture,10,0.0,0.0,0.0,0.0,0.0,0,0,0,0.0,0.0,1.0,0.0,0,0,0,0.0,5,0,0.0,0.04770436196,0.051151932995,10,0.0,0.0,0.0,0.0,0.0,0.0,map_agent,random-32-32-20|a50
group_summary,group_map_agent,new_candidate_expert_mixture,10,inf,inf,0.0,1.0,1.0,10,0,10,0.0,0.0,1.0,0.0,0,0,0,0.0,0,0,0.0,inf,inf,0,0.05,0.0,0.1,0.0,0.2,0.0,map_agent,warehouse-10-20-10-2-1|a100
group_summary,group_map_agent,new_candidate_expert_mixture,10,inf,inf,0.0,1.0,1.0,10,0,10,0.0,0.0,1.0,0.0,0,0,0,0.0,0,0,0.0,inf,inf,0,0.05,0.0,0.1,0.0,0.2,0.0,map_agent,warehouse-10-20-10-2-1|a50
group_summary,group_map_family,new_candidate_expert_mixture,20,0.0,0.0,0.0,0.15,0.15,3,0,3,0.0,0.0,1.0,0.0,0,0,0,0.0,7,0,0.0,0.0388004044805,0.041171910390500006,20,0.0075,0.0,0.015,0.0,0.03,0.0,map_family,maze
group_summary,group_map_family,new_candidate_expert_mixture,20,0.0,0.0,0.0,0.0,0.0,0,0,0,0.0,0.0,1.0,0.0,0,0,0,0.0,9,0,0.0,0.045862117311999996,0.0482416928145,20,0.0,0.0,0.0,0.0,0.0,0.0,map_family,random
group_summary,group_map_family,new_candidate_expert_mixture,20,inf,inf,0.0,1.0,1.0,20,0,20,0.0,0.0,1.0,0.0,0,0,0,0.0,0,0,0.0,inf,inf,0,0.05,0.0,0.1,0.0,0.2,0.0,map_family,warehouse
group_summary,group_candidate_family,new_candidate_expert_mixture,60,0.0,0.0,0.0,0.38333333333333336,0.38333333333333336,23,0,23,0.0,0.0,1.0,0.0,0,0,0,0.0,16,0,0.0,0.04233126089624999,0.04470680160249999,40,0.01916666666666667,0.0,0.03833333333333334,0.0,0.07666666666666667,0.0,candidate_family,static
group_summary,group_map_agent,new_candidate_only_ranker_corrected,10,0.0,0.0,0.0,0.3,0.3,3,0,3,0.0,0.0,1.0,0.0,0,0,0,0.0,2,0,0.0,0.048003421414,0.048003421414,10,0.015,0.0,0.03,0.0,0.06,0.0,map_agent,maze-32-32-4|a100
group_summary,group_map_agent,new_candidate_only_ranker_corrected,10,0.0,0.0,0.0,0.0,0.0,0,0,0,0.0,0.0,1.0,0.0,0,0,0,0.0,5,0,0.0,0.029597387546999997,0.034340399367,10,0.0,0.0,0.0,0.0,0.0,0.0,map_agent,maze-32-32-4|a50
group_summary,group_map_agent,new_candidate_only_ranker_corrected,10,0.0,0.0,0.0,0.0,0.0,0,0,0,0.0,0.0,1.0,0.0,0,0,0,0.0,4,0,0.0,0.044019872663999995,0.045331452634,10,0.0,0.0,0.0,0.0,0.0,0.0,map_agent,random-32-32-20|a100
group_summary,group_map_agent,new_candidate_only_ranker_corrected,10,0.0,0.0,0.0,0.0,0.0,0,0,0,0.0,0.0,1.0,0.0,0,0,0,0.0,5,0,0.0,0.04770436196,0.051151932995,10,0.0,0.0,0.0,0.0,0.0,0.0,map_agent,random-32-32-20|a50
group_summary,group_map_agent,new_candidate_only_ranker_corrected,10,inf,inf,0.0,1.0,1.0,10,0,10,0.0,0.0,1.0,0.0,0,0,0,0.0,0,0,0.0,inf,inf,0,0.05,0.0,0.1,0.0,0.2,0.0,map_agent,warehouse-10-20-10-2-1|a100
group_summary,group_map_agent,new_candidate_only_ranker_corrected,10,inf,inf,0.0,1.0,1.0,10,0,10,0.0,0.0,1.0,0.0,0,0,0,0.0,0,0,0.0,inf,inf,0,0.05,0.0,0.1,0.0,0.2,0.0,map_agent,warehouse-10-20-10-2-1|a50
group_summary,group_map_family,new_candidate_only_ranker_corrected,20,0.0,0.0,0.0,0.15,0.15,3,0,3,0.0,0.0,1.0,0.0,0,0,0,0.0,7,0,0.0,0.0388004044805,0.041171910390500006,20,0.0075,0.0,0.015,0.0,0.03,0.0,map_family,maze
group_summary,group_map_family,new_candidate_only_ranker_corrected,20,0.0,0.0,0.0,0.0,0.0,0,0,0,0.0,0.0,1.0,0.0,0,0,0,0.0,9,0,0.0,0.045862117311999996,0.0482416928145,20,0.0,0.0,0.0,0.0,0.0,0.0,map_family,random
group_summary,group_map_family,new_candidate_only_ranker_corrected,20,inf,inf,0.0,1.0,1.0,20,0,20,0.0,0.0,1.0,0.0,0,0,0,0.0,0,0,0.0,inf,inf,0,0.05,0.0,0.1,0.0,0.2,0.0,map_family,warehouse
group_summary,group_candidate_family,new_candidate_only_ranker_corrected,60,0.0,0.0,0.0,0.38333333333333336,0.38333333333333336,23,0,23,0.0,0.0,1.0,0.0,0,0,0,0.0,16,0,0.0,0.04233126089624999,0.04470680160249999,40,0.01916666666666667,0.0,0.03833333333333334,0.0,0.07666666666666667,0.0,candidate_family,static
group_summary,group_map_agent,new_candidate_source_blind_ablation,10,0.0,0.0,0.0,0.3,0.3,3,0,3,0.0,0.0,1.0,0.0,0,0,0,0.0,2,0,0.0,0.048003421414,0.048003421414,10,0.015,0.0,0.03,0.0,0.06,0.0,map_agent,maze-32-32-4|a100
group_summary,group_map_agent,new_candidate_source_blind_ablation,10,-0.001145737856,-0.001145737856,0.0,0.0,0.0,0,0,0,0.1,0.1,0.9,0.1,1,1,0,0.0,5,0,0.0,0.028451649690999996,0.03319466151099999,10,-0.001145737856,-0.001145737856,-0.001145737856,-0.001145737856,-0.001145737856,-0.001145737856,map_agent,maze-32-32-4|a50
group_summary,group_map_agent,new_candidate_source_blind_ablation,10,0.0,0.0,0.0,0.0,0.0,0,0,0,0.0,0.0,1.0,0.0,0,0,0,0.0,4,0,0.0,0.044019872663999995,0.045331452634,10,0.0,0.0,0.0,0.0,0.0,0.0,map_agent,random-32-32-20|a100
group_summary,group_map_agent,new_candidate_source_blind_ablation,10,0.0008099981809999999,0.0008099981809999999,0.1,0.0,0.1,1,1,0,0.1,0.2,0.8,0.2,2,1,1,0.5,5,2,0.4,0.048514360140999996,0.051961931175999995,10,0.005809998181000001,0.005809998181000001,0.010809998181000001,0.010809998181000001,0.020809998181000003,0.020809998181000003,map_agent,random-32-32-20|a50
group_summary,group_map_agent,new_candidate_source_blind_ablation,10,inf,inf,0.0,1.0,1.0,10,0,10,0.0,0.0,1.0,0.0,0,0,0,0.0,0,0,0.0,inf,inf,0,0.05,0.0,0.1,0.0,0.2,0.0,map_agent,warehouse-10-20-10-2-1|a100
group_summary,group_map_agent,new_candidate_source_blind_ablation,10,inf,inf,0.0,1.0,1.0,10,0,10,0.0,0.0,1.0,0.0,0,0,0,0.0,0,0,0.0,inf,inf,0,0.05,0.0,0.1,0.0,0.2,0.0,map_agent,warehouse-10-20-10-2-1|a50
group_summary,group_map_family,new_candidate_source_blind_ablation,20,-0.000572868928,-0.000572868928,0.0,0.15,0.15,3,0,3,0.05,0.05,0.95,0.05,1,1,0,0.0,7,0,0.0,0.038227535552500004,0.0405990414625,20,0.006927131071999999,-0.000572868928,0.014427131071999999,-0.000572868928,0.029427131072,-0.000572868928,map_family,maze
group_summary,group_map_family,new_candidate_source_blind_ablation,20,0.0004049990904999999,0.0004049990904999999,0.05,0.0,0.05,1,1,0,0.05,0.1,0.9,0.1,2,1,1,0.5,9,2,0.2222222222222222,0.046267116402499996,0.048646691905,20,0.0029049990905000004,0.0029049990905000004,0.0054049990905000005,0.0054049990905000005,0.010404999090500001,0.010404999090500001,map_family,random
group_summary,group_map_family,new_candidate_source_blind_ablation,20,inf,inf,0.0,1.0,1.0,20,0,20,0.0,0.0,1.0,0.0,0,0,0,0.0,0,0,0.0,inf,inf,0,0.05,0.0,0.1,0.0,0.2,0.0,map_family,warehouse
group_summary,group_candidate_family,new_candidate_source_blind_ablation,2,-0.009955231965,-0.009955231965,0.0,0.0,0.0,0,0,0,1.0,1.0,0.0,1.0,2,2,0,0.0,1,1,1.0,0.043533002285000004,0.051563433395,2,-0.009955231965,-0.009955231965,-0.009955231965,-0.009955231965,-0.009955231965,-0.009955231965,candidate_family,block_heavy
group_summary,group_candidate_family,new_candidate_source_blind_ablation,1,0.01655306718,0.01655306718,1.0,0.0,1.0,1,1,0,0.0,1.0,0.0,1.0,1,0,1,1.0,1,1,1.0,0.04771178189,0.05160662122,1,0.06655306718000001,0.06655306718000001,0.11655306718,0.11655306718,0.21655306718,0.21655306718,candidate_family,high_beta
group_summary,group_candidate_family,new_candidate_source_blind_ablation,57,0.0,0.0,0.0,0.40350877192982454,0.40350877192982454,23,0,23,0.0,0.0,1.0,0.0,0,0,0,0.0,14,0,0.0,0.04203014196324324,0.044058950792972965,37,0.02017543859649123,0.0,0.04035087719298246,0.0,0.08070175438596491,0.0,candidate_family,static
group_summary,group_map_agent,new_label_shuffled_control,10,0.0,0.0,0.0,0.3,0.3,3,0,3,0.0,0.0,1.0,0.0,0,0,0,0.0,2,0,0.0,0.048003421414,0.048003421414,10,0.015,0.0,0.03,0.0,0.06,0.0,map_agent,maze-32-32-4|a100
group_summary,group_map_agent,new_label_shuffled_control,10,0.0,0.0,0.0,0.0,0.0,0,0,0,0.0,0.0,1.0,0.0,0,0,0,0.0,5,0,0.0,0.029597387546999997,0.034340399367,10,0.0,0.0,0.0,0.0,0.0,0.0,map_agent,maze-32-32-4|a50
group_summary,group_map_agent,new_label_shuffled_control,10,0.0,0.0,0.0,0.0,0.0,0,0,0,0.0,0.0,1.0,0.0,0,0,0,0.0,4,0,0.0,0.044019872663999995,0.045331452634,10,0.0,0.0,0.0,0.0,0.0,0.0,map_agent,random-32-32-20|a100
group_summary,group_map_agent,new_label_shuffled_control,10,0.0,0.0,0.0,0.0,0.0,0,0,0,0.0,0.0,1.0,0.0,0,0,0,0.0,5,0,0.0,0.04770436196,0.051151932995,10,0.0,0.0,0.0,0.0,0.0,0.0,map_agent,random-32-32-20|a50
group_summary,group_map_agent,new_label_shuffled_control,10,inf,inf,0.0,1.0,1.0,10,0,10,0.0,0.0,1.0,0.0,0,0,0,0.0,0,0,0.0,inf,inf,0,0.05,0.0,0.1,0.0,0.2,0.0,map_agent,warehouse-10-20-10-2-1|a100
group_summary,group_map_agent,new_label_shuffled_control,10,inf,inf,0.0,1.0,1.0,10,0,10,0.0,0.0,1.0,0.0,0,0,0,0.0,0,0,0.0,inf,inf,0,0.05,0.0,0.1,0.0,0.2,0.0,map_agent,warehouse-10-20-10-2-1|a50
group_summary,group_map_family,new_label_shuffled_control,20,0.0,0.0,0.0,0.15,0.15,3,0,3,0.0,0.0,1.0,0.0,0,0,0,0.0,7,0,0.0,0.0388004044805,0.041171910390500006,20,0.0075,0.0,0.015,0.0,0.03,0.0,map_family,maze
group_summary,group_map_family,new_label_shuffled_control,20,0.0,0.0,0.0,0.0,0.0,0,0,0,0.0,0.0,1.0,0.0,0,0,0,0.0,9,0,0.0,0.045862117311999996,0.0482416928145,20,0.0,0.0,0.0,0.0,0.0,0.0,map_family,random
group_summary,group_map_family,new_label_shuffled_control,20,inf,inf,0.0,1.0,1.0,20,0,20,0.0,0.0,1.0,0.0,0,0,0,0.0,0,0,0.0,inf,inf,0,0.05,0.0,0.1,0.0,0.2,0.0,map_family,warehouse
group_summary,group_candidate_family,new_label_shuffled_control,60,0.0,0.0,0.0,0.38333333333333336,0.38333333333333336,23,0,23,0.0,0.0,1.0,0.0,0,0,0,0.0,16,0,0.0,0.04233126089624999,0.04470680160249999,40,0.01916666666666667,0.0,0.03833333333333334,0.0,0.07666666666666667,0.0,candidate_family,static
group_summary,group_map_agent,new_opportunity_binary_gate_then_ranker,10,0.0,0.0,0.0,0.3,0.3,3,0,3,0.0,0.0,1.0,0.0,0,0,0,0.0,2,0,0.0,0.048003421414,0.048003421414,10,0.015,0.0,0.03,0.0,0.06,0.0,map_agent,maze-32-32-4|a100
group_summary,group_map_agent,new_opportunity_binary_gate_then_ranker,10,-0.001145737856,-0.001145737856,0.0,0.0,0.0,0,0,0,0.1,0.1,0.9,0.1,1,1,0,0.0,5,0,0.0,0.028451649690999996,0.03319466151099999,10,-0.001145737856,-0.001145737856,-0.001145737856,-0.001145737856,-0.001145737856,-0.001145737856,map_agent,maze-32-32-4|a50
group_summary,group_map_agent,new_opportunity_binary_gate_then_ranker,10,0.0,0.0,0.0,0.0,0.0,0,0,0,0.0,0.0,1.0,0.0,0,0,0,0.0,4,0,0.0,0.044019872663999995,0.045331452634,10,0.0,0.0,0.0,0.0,0.0,0.0,map_agent,random-32-32-20|a100
group_summary,group_map_agent,new_opportunity_binary_gate_then_ranker,10,0.0,0.0,0.0,0.0,0.0,0,0,0,0.0,0.0,1.0,0.0,0,0,0,0.0,5,0,0.0,0.04770436196,0.051151932995,10,0.0,0.0,0.0,0.0,0.0,0.0,map_agent,random-32-32-20|a50
group_summary,group_map_agent,new_opportunity_binary_gate_then_ranker,10,inf,inf,0.0,1.0,1.0,10,0,10,0.0,0.0,1.0,0.0,0,0,0,0.0,0,0,0.0,inf,inf,0,0.05,0.0,0.1,0.0,0.2,0.0,map_agent,warehouse-10-20-10-2-1|a100
group_summary,group_map_agent,new_opportunity_binary_gate_then_ranker,10,inf,inf,0.0,1.0,1.0,10,0,10,0.0,0.0,1.0,0.0,0,0,0,0.0,0,0,0.0,inf,inf,0,0.05,0.0,0.1,0.0,0.2,0.0,map_agent,warehouse-10-20-10-2-1|a50
group_summary,group_map_family,new_opportunity_binary_gate_then_ranker,20,-0.000572868928,-0.000572868928,0.0,0.15,0.15,3,0,3,0.05,0.05,0.95,0.05,1,1,0,0.0,7,0,0.0,0.038227535552500004,0.0405990414625,20,0.006927131071999999,-0.000572868928,0.014427131071999999,-0.000572868928,0.029427131072,-0.000572868928,map_family,maze
group_summary,group_map_family,new_opportunity_binary_gate_then_ranker,20,0.0,0.0,0.0,0.0,0.0,0,0,0,0.0,0.0,1.0,0.0,0,0,0,0.0,9,0,0.0,0.045862117311999996,0.0482416928145,20,0.0,0.0,0.0,0.0,0.0,0.0,map_family,random
group_summary,group_map_family,new_opportunity_binary_gate_then_ranker,20,inf,inf,0.0,1.0,1.0,20,0,20,0.0,0.0,1.0,0.0,0,0,0,0.0,0,0,0.0,inf,inf,0,0.05,0.0,0.1,0.0,0.2,0.0,map_family,warehouse
group_summary,group_candidate_family,new_opportunity_binary_gate_then_ranker,1,-0.01145737856,-0.01145737856,0.0,0.0,0.0,0,0,0,1.0,1.0,0.0,1.0,1,1,0,0.0,0,0,0.0,0.07607699358,0.07607699358,1,-0.01145737856,-0.01145737856,-0.01145737856,-0.01145737856,-0.01145737856,-0.01145737856,candidate_family,block_heavy
group_summary,group_candidate_family,new_opportunity_binary_gate_then_ranker,59,0.0,0.0,0.0,0.3898305084745763,0.3898305084745763,23,0,23,0.0,0.0,1.0,0.0,0,0,0,0.0,16,0,0.0,0.041172206761794866,0.04360865876820511,39,0.019491525423728815,0.0,0.03898305084745763,0.0,0.07796610169491526,0.0,candidate_family,static
group_summary,group_map_agent,no_new_candidate_ablation,10,0.0,0.0,0.0,0.3,0.3,3,0,3,0.0,0.0,1.0,0.0,0,0,0,0.0,2,0,0.0,0.048003421414,0.048003421414,10,0.015,0.0,0.03,0.0,0.06,0.0,map_agent,maze-32-32-4|a100
group_summary,group_map_agent,no_new_candidate_ablation,10,0.0,0.0,0.0,0.0,0.0,0,0,0,0.0,0.0,1.0,0.0,0,0,0,0.0,5,0,0.0,0.029597387546999997,0.034340399367,10,0.0,0.0,0.0,0.0,0.0,0.0,map_agent,maze-32-32-4|a50
group_summary,group_map_agent,no_new_candidate_ablation,10,0.0,0.0,0.0,0.0,0.0,0,0,0,0.0,0.0,1.0,0.0,0,0,0,0.0,4,0,0.0,0.044019872663999995,0.045331452634,10,0.0,0.0,0.0,0.0,0.0,0.0,map_agent,random-32-32-20|a100
group_summary,group_map_agent,no_new_candidate_ablation,10,-0.003794258322,-0.003794258322,0.0,0.0,0.0,0,0,0,0.2,0.2,0.8,0.0,0,0,0,0.0,5,0,0.0,0.043910103638,0.047357674673,10,-0.003794258322,-0.003794258322,-0.003794258322,-0.003794258322,-0.003794258322,-0.003794258322,map_agent,random-32-32-20|a50
group_summary,group_map_agent,no_new_candidate_ablation,10,inf,inf,0.0,1.0,1.0,10,0,10,0.0,0.0,1.0,0.0,0,0,0,0.0,0,0,0.0,inf,inf,0,0.05,0.0,0.1,0.0,0.2,0.0,map_agent,warehouse-10-20-10-2-1|a100
group_summary,group_map_agent,no_new_candidate_ablation,10,inf,inf,0.0,1.0,1.0,10,0,10,0.0,0.0,1.0,0.0,0,0,0,0.0,0,0,0.0,inf,inf,0,0.05,0.0,0.1,0.0,0.2,0.0,map_agent,warehouse-10-20-10-2-1|a50
group_summary,group_map_family,no_new_candidate_ablation,20,0.0,0.0,0.0,0.15,0.15,3,0,3,0.0,0.0,1.0,0.0,0,0,0,0.0,7,0,0.0,0.0388004044805,0.041171910390500006,20,0.0075,0.0,0.015,0.0,0.03,0.0,map_family,maze
group_summary,group_map_family,no_new_candidate_ablation,20,-0.001897129161,-0.001897129161,0.0,0.0,0.0,0,0,0,0.1,0.1,0.9,0.0,0,0,0,0.0,9,0,0.0,0.043964988150999994,0.046344563653499996,20,-0.001897129161,-0.001897129161,-0.001897129161,-0.001897129161,-0.001897129161,-0.001897129161,map_family,random
group_summary,group_map_family,no_new_candidate_ablation,20,inf,inf,0.0,1.0,1.0,20,0,20,0.0,0.0,1.0,0.0,0,0,0,0.0,0,0,0.0,inf,inf,0,0.05,0.0,0.1,0.0,0.2,0.0,map_family,warehouse
group_summary,group_candidate_family,no_new_candidate_ablation,2,-0.01897129161,-0.01897129161,0.0,0.0,0.0,0,0,0,1.0,1.0,0.0,0.0,0,0,0,0.0,2,0,0.0,0.006329113925,0.0163069647,2,-0.01897129161,-0.01897129161,-0.01897129161,-0.01897129161,-0.01897129161,-0.01897129161,candidate_family,block_heavy
group_summary,group_candidate_family,no_new_candidate_ablation,58,0.0,0.0,0.0,0.39655172413793105,0.39655172413793105,23,0,23,0.0,0.0,1.0,0.0,0,0,0,0.0,14,0,0.0,0.04322762170473684,0.04520304082842104,38,0.019827586206896553,0.0,0.039655172413793106,0.0,0.07931034482758621,0.0,candidate_family,static
group_summary,group_map_agent,no_rich_x_candidate_interaction_ablation,10,0.0,0.0,0.0,0.3,0.3,3,0,3,0.0,0.0,1.0,0.0,0,0,0,0.0,2,0,0.0,0.048003421414,0.048003421414,10,0.015,0.0,0.03,0.0,0.06,0.0,map_agent,maze-32-32-4|a100
group_summary,group_map_agent,no_rich_x_candidate_interaction_ablation,10,0.0,0.0,0.0,0.0,0.0,0,0,0,0.0,0.0,1.0,0.0,0,0,0,0.0,5,0,0.0,0.029597387546999997,0.034340399367,10,0.0,0.0,0.0,0.0,0.0,0.0,map_agent,maze-32-32-4|a50
group_summary,group_map_agent,no_rich_x_candidate_interaction_ablation,10,0.0,0.0,0.0,0.0,0.0,0,0,0,0.0,0.0,1.0,0.0,0,0,0,0.0,4,0,0.0,0.044019872663999995,0.045331452634,10,0.0,0.0,0.0,0.0,0.0,0.0,map_agent,random-32-32-20|a100
group_summary,group_map_agent,no_rich_x_candidate_interaction_ablation,10,-0.00028890291800000024,-0.00028890291800000024,0.1,0.0,0.1,1,1,0,0.1,0.2,0.8,0.1,1,0,1,1.0,5,1,0.2,0.047415459041999994,0.05086303007699999,10,0.004711097082000001,0.004711097082000001,0.009711097082000002,0.009711097082000002,0.019711097082000004,0.019711097082000004,map_agent,random-32-32-20|a50
group_summary,group_map_agent,no_rich_x_candidate_interaction_ablation,10,inf,inf,0.0,1.0,1.0,10,0,10,0.0,0.0,1.0,0.0,0,0,0,0.0,0,0,0.0,inf,inf,0,0.05,0.0,0.1,0.0,0.2,0.0,map_agent,warehouse-10-20-10-2-1|a100
group_summary,group_map_agent,no_rich_x_candidate_interaction_ablation,10,inf,inf,0.0,1.0,1.0,10,0,10,0.0,0.0,1.0,0.0,0,0,0,0.0,0,0,0.0,inf,inf,0,0.05,0.0,0.1,0.0,0.2,0.0,map_agent,warehouse-10-20-10-2-1|a50
group_summary,group_map_family,no_rich_x_candidate_interaction_ablation,20,0.0,0.0,0.0,0.15,0.15,3,0,3,0.0,0.0,1.0,0.0,0,0,0,0.0,7,0,0.0,0.0388004044805,0.041171910390500006,20,0.0075,0.0,0.015,0.0,0.03,0.0,map_family,maze
group_summary,group_map_family,no_rich_x_candidate_interaction_ablation,20,-0.00014445145900000012,-0.00014445145900000012,0.05,0.0,0.05,1,1,0,0.05,0.1,0.9,0.05,1,0,1,1.0,9,1,0.1111111111111111,0.045717665853,0.048097241355499996,20,0.0023555485410000003,0.0023555485410000003,0.004855548541000001,0.004855548541000001,0.009855548541000002,0.009855548541000002,map_family,random
group_summary,group_map_family,no_rich_x_candidate_interaction_ablation,20,inf,inf,0.0,1.0,1.0,20,0,20,0.0,0.0,1.0,0.0,0,0,0,0.0,0,0,0.0,inf,inf,0,0.05,0.0,0.1,0.0,0.2,0.0,map_family,warehouse
group_summary,group_candidate_family,no_rich_x_candidate_interaction_ablation,1,-0.01944209636,-0.01944209636,0.0,0.0,0.0,0,0,0,1.0,1.0,0.0,0.0,0,0,0,0.0,1,0,0.0,0.0,0.01606086222,1,-0.01944209636,-0.01944209636,-0.01944209636,-0.01944209636,-0.01944209636,-0.01944209636,candidate_family,block_heavy
group_summary,group_candidate_family,no_rich_x_candidate_interaction_ablation,1,0.01655306718,0.01655306718,1.0,0.0,1.0,1,1,0,0.0,1.0,0.0,1.0,1,0,1,1.0,1,1,1.0,0.04771178189,0.05160662122,1,0.06655306718000001,0.06655306718000001,0.11655306718,0.11655306718,0.21655306718,0.21655306718,candidate_family,high_beta
group_summary,group_candidate_family,no_rich_x_candidate_interaction_ablation,58,0.0,0.0,0.0,0.39655172413793105,0.39655172413793105,23,0,23,0.0,0.0,1.0,0.0,0,0,0,0.0,14,0,0.0,0.04322762170473684,0.04520304082842104,38,0.019827586206896553,0.0,0.039655172413793106,0.0,0.07931034482758621,0.0,candidate_family,static
group_summary,group_map_agent,old14_only_ranker_corrected,10,0.0,0.0,0.0,0.3,0.3,3,0,3,0.0,0.0,1.0,0.0,0,0,0,0.0,2,0,0.0,0.048003421414,0.048003421414,10,0.015,0.0,0.03,0.0,0.06,0.0,map_agent,maze-32-32-4|a100
group_summary,group_map_agent,old14_only_ranker_corrected,10,0.0,0.0,0.0,0.0,0.0,0,0,0,0.0,0.0,1.0,0.0,0,0,0,0.0,5,0,0.0,0.029597387546999997,0.034340399367,10,0.0,0.0,0.0,0.0,0.0,0.0,map_agent,maze-32-32-4|a50
group_summary,group_map_agent,old14_only_ranker_corrected,10,0.0,0.0,0.0,0.0,0.0,0,0,0,0.0,0.0,1.0,0.0,0,0,0,0.0,4,0,0.0,0.044019872663999995,0.045331452634,10,0.0,0.0,0.0,0.0,0.0,0.0,map_agent,random-32-32-20|a100
group_summary,group_map_agent,old14_only_ranker_corrected,10,0.0,0.0,0.0,0.0,0.0,0,0,0,0.0,0.0,1.0,0.0,0,0,0,0.0,5,0,0.0,0.04770436196,0.051151932995,10,0.0,0.0,0.0,0.0,0.0,0.0,map_agent,random-32-32-20|a50
group_summary,group_map_agent,old14_only_ranker_corrected,10,inf,inf,0.0,1.0,1.0,10,0,10,0.0,0.0,1.0,0.0,0,0,0,0.0,0,0,0.0,inf,inf,0,0.05,0.0,0.1,0.0,0.2,0.0,map_agent,warehouse-10-20-10-2-1|a100
group_summary,group_map_agent,old14_only_ranker_corrected,10,inf,inf,0.0,1.0,1.0,10,0,10,0.0,0.0,1.0,0.0,0,0,0,0.0,0,0,0.0,inf,inf,0,0.05,0.0,0.1,0.0,0.2,0.0,map_agent,warehouse-10-20-10-2-1|a50
group_summary,group_map_family,old14_only_ranker_corrected,20,0.0,0.0,0.0,0.15,0.15,3,0,3,0.0,0.0,1.0,0.0,0,0,0,0.0,7,0,0.0,0.0388004044805,0.041171910390500006,20,0.0075,0.0,0.015,0.0,0.03,0.0,map_family,maze
group_summary,group_map_family,old14_only_ranker_corrected,20,0.0,0.0,0.0,0.0,0.0,0,0,0,0.0,0.0,1.0,0.0,0,0,0,0.0,9,0,0.0,0.045862117311999996,0.0482416928145,20,0.0,0.0,0.0,0.0,0.0,0.0,map_family,random
group_summary,group_map_family,old14_only_ranker_corrected,20,inf,inf,0.0,1.0,1.0,20,0,20,0.0,0.0,1.0,0.0,0,0,0,0.0,0,0,0.0,inf,inf,0,0.05,0.0,0.1,0.0,0.2,0.0,map_family,warehouse
group_summary,group_candidate_family,old14_only_ranker_corrected,60,0.0,0.0,0.0,0.38333333333333336,0.38333333333333336,23,0,23,0.0,0.0,1.0,0.0,0,0,0,0.0,16,0,0.0,0.04233126089624999,0.04470680160249999,40,0.01916666666666667,0.0,0.03833333333333334,0.0,0.07666666666666667,0.0,candidate_family,static
group_summary,group_map_agent,oracle_new22_upper_bound,10,-0.048003421414,-0.048003421414,0.0,0.1,0.1,1,0,1,0.9,1.0,0.0,0.2,2,2,0,0.0,2,2,1.0,0.0,0.0,10,-0.043003421414,-0.048003421414,-0.038003421413999997,-0.048003421414,-0.028003421413999995,-0.048003421414,map_agent,maze-32-32-4|a100
group_summary,group_map_agent,oracle_new22_upper_bound,10,-0.034340399367,-0.034340399367,0.0,0.0,0.0,0,0,0,1.0,1.0,0.0,0.5,5,5,0,0.0,5,5,1.0,-0.004743011819999999,0.0,10,-0.034340399367,-0.034340399367,-0.034340399367,-0.034340399367,-0.034340399367,-0.034340399367,map_agent,maze-32-32-4|a50
group_summary,group_map_agent,oracle_new22_upper_bound,10,-0.045331452634,-0.045331452634,0.0,0.0,0.0,0,0,0,1.0,1.0,0.0,0.4,4,4,0,0.0,4,4,1.0,-0.00131157997,0.0,10,-0.045331452634,-0.045331452634,-0.045331452634,-0.045331452634,-0.045331452634,-0.045331452634,map_agent,random-32-32-20|a100
group_summary,group_map_agent,oracle_new22_upper_bound,10,-0.051151932995,-0.051151932995,0.0,0.0,0.0,0,0,0,0.9,1.0,0.0,0.5,5,4,0,0.0,5,5,1.0,-0.0034475710350000003,0.0,10,-0.051151932995,-0.051151932995,-0.051151932995,-0.051151932995,-0.051151932995,-0.051151932995,map_agent,random-32-32-20|a50
group_summary,group_map_agent,oracle_new22_upper_bound,10,inf,inf,0.0,1.0,1.0,10,0,10,0.0,1.0,0.0,1.0,10,0,10,1.0,0,0,0.0,inf,inf,0,0.05,0.0,0.1,0.0,0.2,0.0,map_agent,warehouse-10-20-10-2-1|a100
group_summary,group_map_agent,oracle_new22_upper_bound,10,inf,inf,0.0,1.0,1.0,10,0,10,0.0,1.0,0.0,0.4,4,0,4,1.0,0,0,0.0,0.0,0.0,0,0.05,0.0,0.1,0.0,0.2,0.0,map_agent,warehouse-10-20-10-2-1|a50
group_summary,group_map_family,oracle_new22_upper_bound,20,-0.041171910390500006,-0.041171910390500006,0.0,0.05,0.05,1,0,1,0.95,1.0,0.0,0.35,7,7,0,0.0,7,7,1.0,-0.0023715059099999997,0.0,20,-0.038671910390500004,-0.041171910390500006,-0.03617191039050001,-0.041171910390500006,-0.031171910390500004,-0.041171910390500006,map_family,maze
group_summary,group_map_family,oracle_new22_upper_bound,20,-0.0482416928145,-0.0482416928145,0.0,0.0,0.0,0,0,0,0.95,1.0,0.0,0.45,9,8,0,0.0,9,9,1.0,-0.0023795755025000005,0.0,20,-0.0482416928145,-0.0482416928145,-0.0482416928145,-0.0482416928145,-0.0482416928145,-0.0482416928145,map_family,random
group_summary,group_map_family,oracle_new22_upper_bound,20,inf,inf,0.0,1.0,1.0,20,0,20,0.0,1.0,0.0,0.7,14,0,14,1.0,0,0,0.0,0.0,0.0,0,0.05,0.0,0.1,0.0,0.2,0.0,map_family,warehouse
group_summary,group_candidate_family,oracle_new22_upper_bound,6,inf,inf,0.0,1.0,1.0,6,0,6,0.0,1.0,0.0,0.0,0,0,0,0.0,0,0,0.0,0.0,0.0,0,0.05,0.0,0.1,0.0,0.2,0.0,candidate_family,additive
group_summary,group_candidate_family,oracle_new22_upper_bound,23,-0.044948728092222216,-0.044948728092222216,0.0,0.6086956521739131,0.6086956521739131,14,0,14,0.391304347826087,1.0,0.0,0.8260869565217391,19,5,14,0.7368421052631579,5,5,1.0,-0.006259994347777778,0.0,9,-0.01451394548352656,-0.044948728092222216,0.015920837125169097,-0.044948728092222216,0.0767904023425604,-0.044948728092222216,candidate_family,block_heavy
group_summary,group_candidate_family,oracle_new22_upper_bound,9,-0.059773296625555555,-0.059773296625555555,0.0,0.1111111111111111,0.1111111111111111,1,0,1,0.8888888888888888,1.0,0.0,0.0,0,0,0,0.0,0,0,0.0,0.0,0.0,9,-0.05421774107,-0.059773296625555555,-0.04866218551444444,-0.059773296625555555,-0.03755107440333333,-0.059773296625555555,candidate_family,flow_decay
group_summary,group_candidate_family,oracle_new22_upper_bound,7,-0.023446831557142857,-0.023446831557142857,0.0,0.0,0.0,0,0,0,0.8571428571428571,1.0,0.0,0.7142857142857143,5,4,0,0.0,5,5,1.0,-0.0038824530057142855,0.0,7,-0.023446831557142857,-0.023446831557142857,-0.023446831557142857,-0.023446831557142857,-0.023446831557142857,-0.023446831557142857,candidate_family,high_beta
group_summary,group_candidate_family,oracle_new22_upper_bound,6,-0.05812068650333333,-0.05812068650333333,0.0,0.0,0.0,0,0,0,1.0,1.0,0.0,0.0,0,0,0,0.0,0,0,0.0,0.0,0.0,6,-0.05812068650333333,-0.05812068650333333,-0.05812068650333333,-0.05812068650333333,-0.05812068650333333,-0.05812068650333333,candidate_family,low_beta_high_cap
group_summary,group_candidate_family,oracle_new22_upper_bound,1,-0.01198083067,-0.01198083067,0.0,0.0,0.0,0,0,0,1.0,1.0,0.0,0.0,0,0,0,0.0,0,0,0.0,0.0,0.0,1,-0.01198083067,-0.01198083067,-0.01198083067,-0.01198083067,-0.01198083067,-0.01198083067,candidate_family,static_boundary
group_summary,group_candidate_family,oracle_new22_upper_bound,2,-0.07276771534,-0.07276771534,0.0,0.0,0.0,0,0,0,1.0,1.0,0.0,0.0,0,0,0,0.0,0,0,0.0,0.0,0.0,2,-0.07276771534,-0.07276771534,-0.07276771534,-0.07276771534,-0.07276771534,-0.07276771534,candidate_family,wait_aggressive
group_summary,group_candidate_family,oracle_new22_upper_bound,6,-0.029234273394999996,-0.029234273394999996,0.0,0.0,0.0,0,0,0,1.0,1.0,0.0,1.0,6,6,0,0.0,6,6,1.0,-0.0019174180133333333,0.0,6,-0.029234273394999996,-0.029234273394999996,-0.029234273394999996,-0.029234273394999996,-0.029234273394999996,-0.029234273394999996,candidate_family,wait_conservative
group_summary,group_map_agent,oracle_old14_upper_bound,10,-0.048003421414,-0.048003421414,0.0,0.1,0.1,1,0,1,0.9,1.0,0.0,0.0,0,0,0,0.0,2,0,0.0,0.0,0.0,10,-0.043003421414,-0.048003421414,-0.038003421413999997,-0.048003421414,-0.028003421413999995,-0.048003421414,map_agent,maze-32-32-4|a100
group_summary,group_map_agent,oracle_old14_upper_bound,10,-0.029597387546999997,-0.029597387546999997,0.0,0.0,0.0,0,0,0,0.8,1.0,0.0,0.0,0,0,0,0.0,5,0,0.0,0.0,0.004743011819999999,10,-0.029597387546999997,-0.029597387546999997,-0.029597387546999997,-0.029597387546999997,-0.029597387546999997,-0.029597387546999997,map_agent,maze-32-32-4|a50
group_summary,group_map_agent,oracle_old14_upper_bound,10,-0.044019872663999995,-0.044019872663999995,0.0,0.0,0.0,0,0,0,0.9,1.0,0.0,0.0,0,0,0,0.0,4,0,0.0,0.0,0.00131157997,10,-0.044019872663999995,-0.044019872663999995,-0.044019872663999995,-0.044019872663999995,-0.044019872663999995,-0.044019872663999995,map_agent,random-32-32-20|a100
group_summary,group_map_agent,oracle_old14_upper_bound,10,-0.04770436196,-0.04770436196,0.0,0.0,0.0,0,0,0,0.9,1.0,0.0,0.0,0,0,0,0.0,5,0,0.0,0.0,0.0034475710350000003,10,-0.04770436196,-0.04770436196,-0.04770436196,-0.04770436196,-0.04770436196,-0.04770436196,map_agent,random-32-32-20|a50
group_summary,group_map_agent,oracle_old14_upper_bound,10,inf,inf,0.0,1.0,1.0,10,0,10,0.0,1.0,0.0,0.0,0,0,0,0.0,0,0,0.0,inf,inf,0,0.05,0.0,0.1,0.0,0.2,0.0,map_agent,warehouse-10-20-10-2-1|a100
group_summary,group_map_agent,oracle_old14_upper_bound,10,inf,inf,0.0,1.0,1.0,10,0,10,0.0,1.0,0.0,0.0,0,0,0,0.0,0,0,0.0,0.0,0.0,0,0.05,0.0,0.1,0.0,0.2,0.0,map_agent,warehouse-10-20-10-2-1|a50
group_summary,group_map_family,oracle_old14_upper_bound,20,-0.0388004044805,-0.0388004044805,0.0,0.05,0.05,1,0,1,0.85,1.0,0.0,0.0,0,0,0,0.0,7,0,0.0,0.0,0.0023715059099999997,20,-0.036300404480499995,-0.0388004044805,-0.03380040448049999,-0.0388004044805,-0.028800404480499996,-0.0388004044805,map_family,maze
group_summary,group_map_family,oracle_old14_upper_bound,20,-0.045862117311999996,-0.045862117311999996,0.0,0.0,0.0,0,0,0,0.9,1.0,0.0,0.0,0,0,0,0.0,9,0,0.0,0.0,0.0023795755025000005,20,-0.045862117311999996,-0.045862117311999996,-0.045862117311999996,-0.045862117311999996,-0.045862117311999996,-0.045862117311999996,map_family,random
group_summary,group_map_family,oracle_old14_upper_bound,20,inf,inf,0.0,1.0,1.0,20,0,20,0.0,1.0,0.0,0.0,0,0,0,0.0,0,0,0.0,0.0,0.0,0,0.05,0.0,0.1,0.0,0.2,0.0,map_family,warehouse
group_summary,group_candidate_family,oracle_old14_upper_bound,20,inf,inf,0.0,1.0,1.0,20,0,20,0.0,1.0,0.0,0.0,0,0,0,0.0,0,0,0.0,0.0,0.0,0,0.05,0.0,0.1,0.0,0.2,0.0,candidate_family,additive
group_summary,group_candidate_family,oracle_old14_upper_bound,6,-0.03327532909333333,-0.03327532909333333,0.0,0.0,0.0,0,0,0,1.0,1.0,0.0,0.0,0,0,0,0.0,2,0,0.0,0.0,0.004627005388333333,6,-0.03327532909333333,-0.03327532909333333,-0.03327532909333333,-0.03327532909333333,-0.03327532909333333,-0.03327532909333333,candidate_family,block_heavy
group_summary,group_candidate_family,oracle_old14_upper_bound,2,-0.00942211055,-0.00942211055,0.0,0.0,0.0,0,0,0,0.5,1.0,0.0,0.0,0,0,0,0.0,2,0,0.0,0.0,0.01715404719,2,-0.00942211055,-0.00942211055,-0.00942211055,-0.00942211055,-0.00942211055,-0.00942211055,candidate_family,commit_heavy
group_summary,group_candidate_family,oracle_old14_upper_bound,13,-0.05163987575384615,-0.05163987575384615,0.0,0.07692307692307693,0.07692307692307693,1,0,1,0.7692307692307693,1.0,0.0,0.0,0,0,0,0.0,4,0,0.0,0.0,0.0010822951176923076,13,-0.0477937219076923,-0.05163987575384615,-0.043947568061538454,-0.05163987575384615,-0.03625526036923076,-0.05163987575384615,candidate_family,flow_decay
group_summary,group_candidate_family,oracle_old14_upper_bound,3,-0.03943541583333333,-0.03943541583333333,0.0,0.0,0.0,0,0,0,1.0,1.0,0.0,0.0,0,0,0,0.0,1,0,0.0,0.0,0.00062160062,3,-0.03943541583333333,-0.03943541583333333,-0.03943541583333333,-0.03943541583333333,-0.03943541583333333,-0.03943541583333333,candidate_family,high_beta
group_summary,group_candidate_family,oracle_old14_upper_bound,7,-0.05426897624714285,-0.05426897624714285,0.0,0.0,0.0,0,0,0,1.0,1.0,0.0,0.0,0,0,0,0.0,1,0,0.0,0.0,0.0005564056185714286,7,-0.05426897624714285,-0.05426897624714285,-0.05426897624714285,-0.05426897624714285,-0.05426897624714285,-0.05426897624714285,candidate_family,low_beta_high_cap
group_summary,group_candidate_family,oracle_old14_upper_bound,1,-0.01198083067,-0.01198083067,0.0,0.0,0.0,0,0,0,1.0,1.0,0.0,0.0,0,0,0,0.0,0,0,0.0,0.0,0.0,1,-0.01198083067,-0.01198083067,-0.01198083067,-0.01198083067,-0.01198083067,-0.01198083067,candidate_family,static_boundary
group_summary,group_candidate_family,oracle_old14_upper_bound,3,-0.05003561975,-0.05003561975,0.0,0.0,0.0,0,0,0,0.6666666666666666,1.0,0.0,0.0,0,0,0,0.0,1,0,0.0,0.0,0.00038095238333333333,3,-0.05003561975,-0.05003561975,-0.05003561975,-0.05003561975,-0.05003561975,-0.05003561975,candidate_family,wait_aggressive
group_summary,group_candidate_family,oracle_old14_upper_bound,5,-0.028631816847999998,-0.028631816847999998,0.0,0.0,0.0,0,0,0,1.0,1.0,0.0,0.0,0,0,0,0.0,5,0,0.0,0.0,0.002395833334,5,-0.028631816847999998,-0.028631816847999998,-0.028631816847999998,-0.028631816847999998,-0.028631816847999998,-0.028631816847999998,candidate_family,wait_conservative
group_summary,group_map_agent,positive_unlabeled_new_candidate_gate,10,0.0,0.0,0.0,0.3,0.3,3,0,3,0.0,0.0,1.0,0.0,0,0,0,0.0,2,0,0.0,0.048003421414,0.048003421414,10,0.015,0.0,0.03,0.0,0.06,0.0,map_agent,maze-32-32-4|a100
group_summary,group_map_agent,positive_unlabeled_new_candidate_gate,10,-0.001145737856,-0.001145737856,0.0,0.0,0.0,0,0,0,0.1,0.1,0.9,0.1,1,1,0,0.0,5,0,0.0,0.028451649690999996,0.03319466151099999,10,-0.001145737856,-0.001145737856,-0.001145737856,-0.001145737856,-0.001145737856,-0.001145737856,map_agent,maze-32-32-4|a50
group_summary,group_map_agent,positive_unlabeled_new_candidate_gate,10,0.0,0.0,0.0,0.0,0.0,0,0,0,0.0,0.0,1.0,0.0,0,0,0,0.0,4,0,0.0,0.044019872663999995,0.045331452634,10,0.0,0.0,0.0,0.0,0.0,0.0,map_agent,random-32-32-20|a100
group_summary,group_map_agent,positive_unlabeled_new_candidate_gate,10,0.0,0.0,0.0,0.0,0.0,0,0,0,0.0,0.0,1.0,0.0,0,0,0,0.0,5,0,0.0,0.04770436196,0.051151932995,10,0.0,0.0,0.0,0.0,0.0,0.0,map_agent,random-32-32-20|a50
group_summary,group_map_agent,positive_unlabeled_new_candidate_gate,10,inf,inf,0.0,1.0,1.0,10,0,10,0.0,0.0,1.0,0.0,0,0,0,0.0,0,0,0.0,inf,inf,0,0.05,0.0,0.1,0.0,0.2,0.0,map_agent,warehouse-10-20-10-2-1|a100
group_summary,group_map_agent,positive_unlabeled_new_candidate_gate,10,inf,inf,0.0,1.0,1.0,10,0,10,0.0,0.0,1.0,0.0,0,0,0,0.0,0,0,0.0,inf,inf,0,0.05,0.0,0.1,0.0,0.2,0.0,map_agent,warehouse-10-20-10-2-1|a50
group_summary,group_map_family,positive_unlabeled_new_candidate_gate,20,-0.000572868928,-0.000572868928,0.0,0.15,0.15,3,0,3,0.05,0.05,0.95,0.05,1,1,0,0.0,7,0,0.0,0.038227535552500004,0.0405990414625,20,0.006927131071999999,-0.000572868928,0.014427131071999999,-0.000572868928,0.029427131072,-0.000572868928,map_family,maze
group_summary,group_map_family,positive_unlabeled_new_candidate_gate,20,0.0,0.0,0.0,0.0,0.0,0,0,0,0.0,0.0,1.0,0.0,0,0,0,0.0,9,0,0.0,0.045862117311999996,0.0482416928145,20,0.0,0.0,0.0,0.0,0.0,0.0,map_family,random
group_summary,group_map_family,positive_unlabeled_new_candidate_gate,20,inf,inf,0.0,1.0,1.0,20,0,20,0.0,0.0,1.0,0.0,0,0,0,0.0,0,0,0.0,inf,inf,0,0.05,0.0,0.1,0.0,0.2,0.0,map_family,warehouse
group_summary,group_candidate_family,positive_unlabeled_new_candidate_gate,1,-0.01145737856,-0.01145737856,0.0,0.0,0.0,0,0,0,1.0,1.0,0.0,1.0,1,1,0,0.0,0,0,0.0,0.07607699358,0.07607699358,1,-0.01145737856,-0.01145737856,-0.01145737856,-0.01145737856,-0.01145737856,-0.01145737856,candidate_family,block_heavy
group_summary,group_candidate_family,positive_unlabeled_new_candidate_gate,59,0.0,0.0,0.0,0.3898305084745763,0.3898305084745763,23,0,23,0.0,0.0,1.0,0.0,0,0,0,0.0,16,0,0.0,0.041172206761794866,0.04360865876820511,39,0.019491525423728815,0.0,0.03898305084745763,0.0,0.07796610169491526,0.0,candidate_family,static
group_summary,group_map_agent,random_feature_model,10,0.0,0.0,0.0,0.3,0.3,3,0,3,0.0,0.0,1.0,0.0,0,0,0,0.0,2,0,0.0,0.048003421414,0.048003421414,10,0.015,0.0,0.03,0.0,0.06,0.0,map_agent,maze-32-32-4|a100
group_summary,group_map_agent,random_feature_model,10,0.0,0.0,0.0,0.0,0.0,0,0,0,0.0,0.0,1.0,0.0,0,0,0,0.0,5,0,0.0,0.029597387546999997,0.034340399367,10,0.0,0.0,0.0,0.0,0.0,0.0,map_agent,maze-32-32-4|a50
group_summary,group_map_agent,random_feature_model,10,0.0,0.0,0.0,0.0,0.0,0,0,0,0.0,0.0,1.0,0.0,0,0,0,0.0,4,0,0.0,0.044019872663999995,0.045331452634,10,0.0,0.0,0.0,0.0,0.0,0.0,map_agent,random-32-32-20|a100
group_summary,group_map_agent,random_feature_model,10,0.0,0.0,0.0,0.0,0.0,0,0,0,0.0,0.0,1.0,0.0,0,0,0,0.0,5,0,0.0,0.04770436196,0.051151932995,10,0.0,0.0,0.0,0.0,0.0,0.0,map_agent,random-32-32-20|a50
group_summary,group_map_agent,random_feature_model,10,inf,inf,0.0,1.0,1.0,10,0,10,0.0,0.0,1.0,0.0,0,0,0,0.0,0,0,0.0,inf,inf,0,0.05,0.0,0.1,0.0,0.2,0.0,map_agent,warehouse-10-20-10-2-1|a100
group_summary,group_map_agent,random_feature_model,10,inf,inf,0.0,1.0,1.0,10,0,10,0.0,0.0,1.0,0.0,0,0,0,0.0,0,0,0.0,inf,inf,0,0.05,0.0,0.1,0.0,0.2,0.0,map_agent,warehouse-10-20-10-2-1|a50
group_summary,group_map_family,random_feature_model,20,0.0,0.0,0.0,0.15,0.15,3,0,3,0.0,0.0,1.0,0.0,0,0,0,0.0,7,0,0.0,0.0388004044805,0.041171910390500006,20,0.0075,0.0,0.015,0.0,0.03,0.0,map_family,maze
group_summary,group_map_family,random_feature_model,20,0.0,0.0,0.0,0.0,0.0,0,0,0,0.0,0.0,1.0,0.0,0,0,0,0.0,9,0,0.0,0.045862117311999996,0.0482416928145,20,0.0,0.0,0.0,0.0,0.0,0.0,map_family,random
group_summary,group_map_family,random_feature_model,20,inf,inf,0.0,1.0,1.0,20,0,20,0.0,0.0,1.0,0.0,0,0,0,0.0,0,0,0.0,inf,inf,0,0.05,0.0,0.1,0.0,0.2,0.0,map_family,warehouse
group_summary,group_candidate_family,random_feature_model,60,0.0,0.0,0.0,0.38333333333333336,0.38333333333333336,23,0,23,0.0,0.0,1.0,0.0,0,0,0,0.0,16,0,0.0,0.04233126089624999,0.04470680160249999,40,0.01916666666666667,0.0,0.03833333333333334,0.0,0.07666666666666667,0.0,candidate_family,static
group_summary,group_map_agent,shuffled_label_model,10,0.0,0.0,0.0,0.3,0.3,3,0,3,0.0,0.0,1.0,0.0,0,0,0,0.0,2,0,0.0,0.048003421414,0.048003421414,10,0.015,0.0,0.03,0.0,0.06,0.0,map_agent,maze-32-32-4|a100
group_summary,group_map_agent,shuffled_label_model,10,0.0,0.0,0.0,0.0,0.0,0,0,0,0.0,0.0,1.0,0.0,0,0,0,0.0,5,0,0.0,0.029597387546999997,0.034340399367,10,0.0,0.0,0.0,0.0,0.0,0.0,map_agent,maze-32-32-4|a50
group_summary,group_map_agent,shuffled_label_model,10,0.0,0.0,0.0,0.0,0.0,0,0,0,0.0,0.0,1.0,0.0,0,0,0,0.0,4,0,0.0,0.044019872663999995,0.045331452634,10,0.0,0.0,0.0,0.0,0.0,0.0,map_agent,random-32-32-20|a100
group_summary,group_map_agent,shuffled_label_model,10,0.0,0.0,0.0,0.0,0.0,0,0,0,0.0,0.0,1.0,0.0,0,0,0,0.0,5,0,0.0,0.04770436196,0.051151932995,10,0.0,0.0,0.0,0.0,0.0,0.0,map_agent,random-32-32-20|a50
group_summary,group_map_agent,shuffled_label_model,10,inf,inf,0.0,1.0,1.0,10,0,10,0.0,0.0,1.0,0.0,0,0,0,0.0,0,0,0.0,inf,inf,0,0.05,0.0,0.1,0.0,0.2,0.0,map_agent,warehouse-10-20-10-2-1|a100
group_summary,group_map_agent,shuffled_label_model,10,inf,inf,0.0,1.0,1.0,10,0,10,0.0,0.0,1.0,0.0,0,0,0,0.0,0,0,0.0,inf,inf,0,0.05,0.0,0.1,0.0,0.2,0.0,map_agent,warehouse-10-20-10-2-1|a50
group_summary,group_map_family,shuffled_label_model,20,0.0,0.0,0.0,0.15,0.15,3,0,3,0.0,0.0,1.0,0.0,0,0,0,0.0,7,0,0.0,0.0388004044805,0.041171910390500006,20,0.0075,0.0,0.015,0.0,0.03,0.0,map_family,maze
group_summary,group_map_family,shuffled_label_model,20,0.0,0.0,0.0,0.0,0.0,0,0,0,0.0,0.0,1.0,0.0,0,0,0,0.0,9,0,0.0,0.045862117311999996,0.0482416928145,20,0.0,0.0,0.0,0.0,0.0,0.0,map_family,random
group_summary,group_map_family,shuffled_label_model,20,inf,inf,0.0,1.0,1.0,20,0,20,0.0,0.0,1.0,0.0,0,0,0,0.0,0,0,0.0,inf,inf,0,0.05,0.0,0.1,0.0,0.2,0.0,map_family,warehouse
group_summary,group_candidate_family,shuffled_label_model,60,0.0,0.0,0.0,0.38333333333333336,0.38333333333333336,23,0,23,0.0,0.0,1.0,0.0,0,0,0,0.0,16,0,0.0,0.04233126089624999,0.04470680160249999,40,0.01916666666666667,0.0,0.03833333333333334,0.0,0.07666666666666667,0.0,candidate_family,static
group_summary,group_map_agent,static_flow_shield,10,0.0,0.0,0.0,0.3,0.3,3,0,3,0.0,0.0,1.0,0.0,0,0,0,0.0,2,0,0.0,0.048003421414,0.048003421414,10,0.015,0.0,0.03,0.0,0.06,0.0,map_agent,maze-32-32-4|a100
group_summary,group_map_agent,static_flow_shield,10,0.0,0.0,0.0,0.0,0.0,0,0,0,0.0,0.0,1.0,0.0,0,0,0,0.0,5,0,0.0,0.029597387546999997,0.034340399367,10,0.0,0.0,0.0,0.0,0.0,0.0,map_agent,maze-32-32-4|a50
group_summary,group_map_agent,static_flow_shield,10,0.0,0.0,0.0,0.0,0.0,0,0,0,0.0,0.0,1.0,0.0,0,0,0,0.0,4,0,0.0,0.044019872663999995,0.045331452634,10,0.0,0.0,0.0,0.0,0.0,0.0,map_agent,random-32-32-20|a100
group_summary,group_map_agent,static_flow_shield,10,0.0,0.0,0.0,0.0,0.0,0,0,0,0.0,0.0,1.0,0.0,0,0,0,0.0,5,0,0.0,0.04770436196,0.051151932995,10,0.0,0.0,0.0,0.0,0.0,0.0,map_agent,random-32-32-20|a50
group_summary,group_map_agent,static_flow_shield,10,inf,inf,0.0,1.0,1.0,10,0,10,0.0,0.0,1.0,0.0,0,0,0,0.0,0,0,0.0,inf,inf,0,0.05,0.0,0.1,0.0,0.2,0.0,map_agent,warehouse-10-20-10-2-1|a100
group_summary,group_map_agent,static_flow_shield,10,inf,inf,0.0,1.0,1.0,10,0,10,0.0,0.0,1.0,0.0,0,0,0,0.0,0,0,0.0,inf,inf,0,0.05,0.0,0.1,0.0,0.2,0.0,map_agent,warehouse-10-20-10-2-1|a50
group_summary,group_map_family,static_flow_shield,20,0.0,0.0,0.0,0.15,0.15,3,0,3,0.0,0.0,1.0,0.0,0,0,0,0.0,7,0,0.0,0.0388004044805,0.041171910390500006,20,0.0075,0.0,0.015,0.0,0.03,0.0,map_family,maze
group_summary,group_map_family,static_flow_shield,20,0.0,0.0,0.0,0.0,0.0,0,0,0,0.0,0.0,1.0,0.0,0,0,0,0.0,9,0,0.0,0.045862117311999996,0.0482416928145,20,0.0,0.0,0.0,0.0,0.0,0.0,map_family,random
group_summary,group_map_family,static_flow_shield,20,inf,inf,0.0,1.0,1.0,20,0,20,0.0,0.0,1.0,0.0,0,0,0,0.0,0,0,0.0,inf,inf,0,0.05,0.0,0.1,0.0,0.2,0.0,map_family,warehouse
group_summary,group_candidate_family,static_flow_shield,60,0.0,0.0,0.0,0.38333333333333336,0.38333333333333336,23,0,23,0.0,0.0,1.0,0.0,0,0,0,0.0,16,0,0.0,0.04233126089624999,0.04470680160249999,40,0.01916666666666667,0.0,0.03833333333333334,0.0,0.07666666666666667,0.0,candidate_family,static
group_summary,group_map_agent,train_only_map_agent_prior,10,-0.025915537726,-0.025915537726,0.2,0.0,0.2,2,2,0,0.8,1.0,0.0,0.0,0,0,0,0.0,2,0,0.0,0.022087883688,0.022087883688,10,-0.015915537725999997,-0.015915537725999997,-0.005915537725999995,-0.005915537725999995,0.01408446227400001,0.01408446227400001,map_agent,maze-32-32-4|a100
group_summary,group_map_agent,train_only_map_agent_prior,10,0.0046818030229999995,0.0046818030229999995,0.4,0.0,0.4,4,4,0,0.0,1.0,0.0,0.4,4,0,4,1.0,5,4,0.8,0.03427919057,0.03902220239,10,0.024681803023000003,0.024681803023000003,0.04468180302300001,0.04468180302300001,0.08468180302300002,0.08468180302300002,map_agent,maze-32-32-4|a50
group_summary,group_map_agent,train_only_map_agent_prior,10,0.008158238718,0.008158238718,0.2,0.0,0.2,2,2,0,0.0,1.0,0.0,0.2,2,0,2,1.0,4,1,0.25,0.05217811138199999,0.053489691352000004,10,0.018158238718,0.018158238718,0.028158238718000002,0.028158238718000002,0.048158238718000006,0.048158238718000006,map_agent,random-32-32-20|a100
group_summary,group_map_agent,train_only_map_agent_prior,10,-0.036754448716999996,-0.036754448716999996,0.2,0.0,0.2,2,2,0,0.7,1.0,0.0,0.1,1,0,1,1.0,5,1,0.2,0.010949913242999999,0.014397484277999997,10,-0.026754448716999994,-0.026754448716999994,-0.016754448716999992,-0.016754448716999992,0.0032455512830000116,0.0032455512830000116,map_agent,random-32-32-20|a50
group_summary,group_map_agent,train_only_map_agent_prior,10,inf,inf,0.0,1.0,1.0,10,0,10,0.0,1.0,0.0,1.0,10,0,10,1.0,0,0,0.0,inf,inf,0,0.05,0.0,0.1,0.0,0.2,0.0,map_agent,warehouse-10-20-10-2-1|a100
group_summary,group_map_agent,train_only_map_agent_prior,10,inf,inf,0.0,1.0,1.0,10,0,10,0.0,1.0,0.0,1.0,10,0,10,1.0,0,0,0.0,inf,inf,0,0.05,0.0,0.1,0.0,0.2,0.0,map_agent,warehouse-10-20-10-2-1|a50
group_summary,group_map_family,train_only_map_agent_prior,20,-0.0106168673515,-0.0106168673515,0.3,0.0,0.3,6,6,0,0.4,1.0,0.0,0.2,4,0,4,1.0,7,4,0.5714285714285714,0.028183537128999996,0.030555043038999995,20,0.0043831326485,0.0043831326485,0.0193831326485,0.0193831326485,0.0493831326485,0.0493831326485,map_family,maze
group_summary,group_map_family,train_only_map_agent_prior,20,-0.014298104999499999,-0.014298104999499999,0.2,0.0,0.2,4,4,0,0.35,1.0,0.0,0.15,3,0,3,1.0,9,2,0.2222222222222222,0.0315640123125,0.033943587814999995,20,-0.004298104999499997,-0.004298104999499997,0.005701895000500005,0.005701895000500005,0.02570189500050001,0.02570189500050001,map_family,random
group_summary,group_map_family,train_only_map_agent_prior,20,inf,inf,0.0,1.0,1.0,20,0,20,0.0,1.0,0.0,1.0,20,0,20,1.0,0,0,0.0,inf,inf,0,0.05,0.0,0.1,0.0,0.2,0.0,map_family,warehouse
group_summary,group_candidate_family,train_only_map_agent_prior,32,-0.016793510709166664,-0.016793510709166664,0.125,0.625,0.75,24,4,20,0.25,1.0,0.0,0.6875,22,0,22,1.0,4,2,0.5,0.02580590002833333,0.026764609034999998,12,0.02070648929083334,-0.010543510709166664,0.058206489290833344,-0.004293510709166663,0.13320648929083337,0.008206489290833337,candidate_family,block_heavy
group_summary,group_candidate_family,train_only_map_agent_prior,15,-0.025152105700666668,-0.025152105700666668,0.06666666666666667,0.0,0.06666666666666667,1,1,0,0.4666666666666667,1.0,0.0,0.0,0,0,0,0.0,5,0,0.0,0.021724533862000003,0.024561869708000002,15,-0.021818772367333334,-0.021818772367333334,-0.018485439034,-0.018485439034,-0.011818772367333334,-0.011818772367333334,candidate_family,flow_decay
group_summary,group_candidate_family,train_only_map_agent_prior,3,0.01632273497,0.01632273497,1.0,0.0,1.0,3,3,0,0.0,1.0,0.0,1.0,3,0,3,1.0,2,2,1.0,0.03476005641,0.04243733167666667,3,0.06632273497,0.06632273497,0.11632273497000001,0.11632273497000001,0.21632273497,0.21632273497,candidate_family,high_beta
group_summary,group_candidate_family,train_only_map_agent_prior,8,0.0,0.0,0.0,0.0,0.0,0,0,0,0.0,1.0,0.0,0.0,0,0,0,0.0,3,0,0.0,0.05237806508375,0.053066331452500004,8,0.0,0.0,0.0,0.0,0.0,0.0,candidate_family,static
group_summary,group_candidate_family,train_only_map_agent_prior,2,0.015768031045,0.015768031045,1.0,0.0,1.0,2,2,0,0.0,1.0,0.0,1.0,2,0,2,1.0,2,2,1.0,0.01805374533,0.024263308195,2,0.06576803104500001,0.06576803104500001,0.115768031045,0.115768031045,0.215768031045,0.215768031045,candidate_family,wait_conservative
