normalized_context_key,short_budget_ms,map,map_family,map_agent_group,agents,seed,context_bucket,teacher_action_class,observed_ids_only,ids_166_205_untouched,source,phase5p5_allowed,phase6_allowed,runtime_claim_allowed,learned_runtime_policy_validated,aaai_ready
maze-32-32-4|a100|s146|it0|14650fb0739d0383,1000,maze-32-32-4,maze,maze-32-32-4|a100,100,146,safe_g522_teacher_select,safe_g522_select,True,True,g527_g528_observed_teacher_rows,False,False,False,False,False
maze-32-32-4|a100|s146|it0|14650fb0739d0383,2000,maze-32-32-4,maze,maze-32-32-4|a100,100,146,safe_g522_teacher_select,safe_g522_select,True,True,g527_g528_observed_teacher_rows,False,False,False,False,False
maze-32-32-4|a100|s147|it0|14650fb0739d0383,1000,maze-32-32-4,maze,maze-32-32-4|a100,100,147,safe_g522_teacher_select,safe_g522_select,True,True,g527_g528_observed_teacher_rows,False,False,False,False,False
maze-32-32-4|a100|s147|it0|14650fb0739d0383,2000,maze-32-32-4,maze,maze-32-32-4|a100,100,147,safe_g522_teacher_select,safe_g522_select,True,True,g527_g528_observed_teacher_rows,False,False,False,False,False
maze-32-32-4|a100|s148|it0|14650fb0739d0383,1000,maze-32-32-4,maze,maze-32-32-4|a100,100,148,old14_or_g518_fallback,old14_g518_fallback,True,True,g527_g528_observed_teacher_rows,False,False,False,False,False
maze-32-32-4|a100|s148|it0|14650fb0739d0383,2000,maze-32-32-4,maze,maze-32-32-4|a100,100,148,old14_or_g518_fallback,old14_g518_fallback,True,True,g527_g528_observed_teacher_rows,False,False,False,False,False
maze-32-32-4|a100|s149|it0|14650fb0739d0383,1000,maze-32-32-4,maze,maze-32-32-4|a100,100,149,safe_g522_teacher_select,safe_g522_select,True,True,g527_g528_observed_teacher_rows,False,False,False,False,False
maze-32-32-4|a100|s149|it0|14650fb0739d0383,2000,maze-32-32-4,maze,maze-32-32-4|a100,100,149,safe_g522_teacher_select,safe_g522_select,True,True,g527_g528_observed_teacher_rows,False,False,False,False,False
maze-32-32-4|a100|s150|it0|14650fb0739d0383,1000,maze-32-32-4,maze,maze-32-32-4|a100,100,150,safe_g522_teacher_select,safe_g522_select,True,True,g527_g528_observed_teacher_rows,False,False,False,False,False
maze-32-32-4|a100|s150|it0|14650fb0739d0383,2000,maze-32-32-4,maze,maze-32-32-4|a100,100,150,safe_g522_teacher_select,safe_g522_select,True,True,g527_g528_observed_teacher_rows,False,False,False,False,False
maze-32-32-4|a100|s151|it0|14650fb0739d0383,1000,maze-32-32-4,maze,maze-32-32-4|a100,100,151,safe_g522_teacher_select,safe_g522_select,True,True,g527_g528_observed_teacher_rows,False,False,False,False,False
maze-32-32-4|a100|s151|it0|14650fb0739d0383,2000,maze-32-32-4,maze,maze-32-32-4|a100,100,151,safe_g522_teacher_select,safe_g522_select,True,True,g527_g528_observed_teacher_rows,False,False,False,False,False
maze-32-32-4|a100|s152|it0|14650fb0739d0383,1000,maze-32-32-4,maze,maze-32-32-4|a100,100,152,old14_or_g518_fallback,old14_g518_fallback,True,True,g527_g528_observed_teacher_rows,False,False,False,False,False
maze-32-32-4|a100|s152|it0|14650fb0739d0383,2000,maze-32-32-4,maze,maze-32-32-4|a100,100,152,old14_or_g518_fallback,old14_g518_fallback,True,True,g527_g528_observed_teacher_rows,False,False,False,False,False
maze-32-32-4|a100|s153|it0|14650fb0739d0383,1000,maze-32-32-4,maze,maze-32-32-4|a100,100,153,old14_or_g518_fallback,old14_g518_fallback,True,True,g527_g528_observed_teacher_rows,False,False,False,False,False
maze-32-32-4|a100|s153|it0|14650fb0739d0383,2000,maze-32-32-4,maze,maze-32-32-4|a100,100,153,old14_or_g518_fallback,old14_g518_fallback,True,True,g527_g528_observed_teacher_rows,False,False,False,False,False
maze-32-32-4|a100|s154|it0|14650fb0739d0383,1000,maze-32-32-4,maze,maze-32-32-4|a100,100,154,safe_g522_teacher_select,safe_g522_select,True,True,g527_g528_observed_teacher_rows,False,False,False,False,False
maze-32-32-4|a100|s154|it0|14650fb0739d0383,2000,maze-32-32-4,maze,maze-32-32-4|a100,100,154,safe_g522_teacher_select,safe_g522_select,True,True,g527_g528_observed_teacher_rows,False,False,False,False,False
maze-32-32-4|a100|s155|it0|14650fb0739d0383,1000,maze-32-32-4,maze,maze-32-32-4|a100,100,155,safe_g522_teacher_select,safe_g522_select,True,True,g527_g528_observed_teacher_rows,False,False,False,False,False
maze-32-32-4|a100|s155|it0|14650fb0739d0383,2000,maze-32-32-4,maze,maze-32-32-4|a100,100,155,safe_g522_teacher_select,safe_g522_select,True,True,g527_g528_observed_teacher_rows,False,False,False,False,False
maze-32-32-4|a50|s146|it0|14650fb0739d0383,1000,maze-32-32-4,maze,maze-32-32-4|a50,50,146,safe_g522_teacher_select,safe_g522_select,True,True,g527_g528_observed_teacher_rows,False,False,False,False,False
maze-32-32-4|a50|s146|it0|14650fb0739d0383,2000,maze-32-32-4,maze,maze-32-32-4|a50,50,146,safe_g522_teacher_select,safe_g522_select,True,True,g527_g528_observed_teacher_rows,False,False,False,False,False
maze-32-32-4|a50|s147|it0|14650fb0739d0383,1000,maze-32-32-4,maze,maze-32-32-4|a50,50,147,old14_or_g518_fallback,old14_g518_fallback,True,True,g527_g528_observed_teacher_rows,False,False,False,False,False
maze-32-32-4|a50|s147|it0|14650fb0739d0383,2000,maze-32-32-4,maze,maze-32-32-4|a50,50,147,old14_or_g518_fallback,old14_g518_fallback,True,True,g527_g528_observed_teacher_rows,False,False,False,False,False
maze-32-32-4|a50|s148|it0|14650fb0739d0383,1000,maze-32-32-4,maze,maze-32-32-4|a50,50,148,safe_g522_teacher_select,safe_g522_select,True,True,g527_g528_observed_teacher_rows,False,False,False,False,False
maze-32-32-4|a50|s148|it0|14650fb0739d0383,2000,maze-32-32-4,maze,maze-32-32-4|a50,50,148,safe_g522_teacher_select,safe_g522_select,True,True,g527_g528_observed_teacher_rows,False,False,False,False,False
maze-32-32-4|a50|s149|it0|14650fb0739d0383,1000,maze-32-32-4,maze,maze-32-32-4|a50,50,149,safe_g522_teacher_select,safe_g522_select,True,True,g527_g528_observed_teacher_rows,False,False,False,False,False
maze-32-32-4|a50|s149|it0|14650fb0739d0383,2000,maze-32-32-4,maze,maze-32-32-4|a50,50,149,safe_g522_teacher_select,safe_g522_select,True,True,g527_g528_observed_teacher_rows,False,False,False,False,False
maze-32-32-4|a50|s150|it0|14650fb0739d0383,1000,maze-32-32-4,maze,maze-32-32-4|a50,50,150,safe_g522_teacher_select,safe_g522_select,True,True,g527_g528_observed_teacher_rows,False,False,False,False,False
maze-32-32-4|a50|s150|it0|14650fb0739d0383,2000,maze-32-32-4,maze,maze-32-32-4|a50,50,150,safe_g522_teacher_select,safe_g522_select,True,True,g527_g528_observed_teacher_rows,False,False,False,False,False
maze-32-32-4|a50|s151|it0|14650fb0739d0383,1000,maze-32-32-4,maze,maze-32-32-4|a50,50,151,old14_or_g518_fallback,old14_g518_fallback,True,True,g527_g528_observed_teacher_rows,False,False,False,False,False
maze-32-32-4|a50|s151|it0|14650fb0739d0383,2000,maze-32-32-4,maze,maze-32-32-4|a50,50,151,old14_or_g518_fallback,old14_g518_fallback,True,True,g527_g528_observed_teacher_rows,False,False,False,False,False
maze-32-32-4|a50|s152|it0|14650fb0739d0383,1000,maze-32-32-4,maze,maze-32-32-4|a50,50,152,safe_g522_teacher_select,safe_g522_select,True,True,g527_g528_observed_teacher_rows,False,False,False,False,False
maze-32-32-4|a50|s152|it0|14650fb0739d0383,2000,maze-32-32-4,maze,maze-32-32-4|a50,50,152,safe_g522_teacher_select,safe_g522_select,True,True,g527_g528_observed_teacher_rows,False,False,False,False,False
maze-32-32-4|a50|s153|it0|14650fb0739d0383,1000,maze-32-32-4,maze,maze-32-32-4|a50,50,153,old14_or_g518_fallback,old14_g518_fallback,True,True,g527_g528_observed_teacher_rows,False,False,False,False,False
maze-32-32-4|a50|s153|it0|14650fb0739d0383,2000,maze-32-32-4,maze,maze-32-32-4|a50,50,153,old14_or_g518_fallback,old14_g518_fallback,True,True,g527_g528_observed_teacher_rows,False,False,False,False,False
maze-32-32-4|a50|s154|it0|14650fb0739d0383,1000,maze-32-32-4,maze,maze-32-32-4|a50,50,154,old14_or_g518_fallback,old14_g518_fallback,True,True,g527_g528_observed_teacher_rows,False,False,False,False,False
maze-32-32-4|a50|s154|it0|14650fb0739d0383,2000,maze-32-32-4,maze,maze-32-32-4|a50,50,154,old14_or_g518_fallback,old14_g518_fallback,True,True,g527_g528_observed_teacher_rows,False,False,False,False,False
maze-32-32-4|a50|s155|it0|14650fb0739d0383,1000,maze-32-32-4,maze,maze-32-32-4|a50,50,155,old14_or_g518_fallback,old14_g518_fallback,True,True,g527_g528_observed_teacher_rows,False,False,False,False,False
maze-32-32-4|a50|s155|it0|14650fb0739d0383,2000,maze-32-32-4,maze,maze-32-32-4|a50,50,155,old14_or_g518_fallback,old14_g518_fallback,True,True,g527_g528_observed_teacher_rows,False,False,False,False,False
random-32-32-20|a100|s146|it0|14650fb0739d0383,1000,random-32-32-20,random,random-32-32-20|a100,100,146,safe_g522_teacher_select,safe_g522_select,True,True,g527_g528_observed_teacher_rows,False,False,False,False,False
random-32-32-20|a100|s146|it0|14650fb0739d0383,2000,random-32-32-20,random,random-32-32-20|a100,100,146,safe_g522_teacher_select,safe_g522_select,True,True,g527_g528_observed_teacher_rows,False,False,False,False,False
random-32-32-20|a100|s147|it0|14650fb0739d0383,1000,random-32-32-20,random,random-32-32-20|a100,100,147,safe_g522_teacher_select,safe_g522_select,True,True,g527_g528_observed_teacher_rows,False,False,False,False,False
random-32-32-20|a100|s147|it0|14650fb0739d0383,2000,random-32-32-20,random,random-32-32-20|a100,100,147,safe_g522_teacher_select,safe_g522_select,True,True,g527_g528_observed_teacher_rows,False,False,False,False,False
random-32-32-20|a100|s148|it0|14650fb0739d0383,1000,random-32-32-20,random,random-32-32-20|a100,100,148,old14_or_g518_fallback,old14_g518_fallback,True,True,g527_g528_observed_teacher_rows,False,False,False,False,False
random-32-32-20|a100|s148|it0|14650fb0739d0383,2000,random-32-32-20,random,random-32-32-20|a100,100,148,old14_or_g518_fallback,old14_g518_fallback,True,True,g527_g528_observed_teacher_rows,False,False,False,False,False
random-32-32-20|a100|s149|it0|14650fb0739d0383,1000,random-32-32-20,random,random-32-32-20|a100,100,149,old14_or_g518_fallback,old14_g518_fallback,True,True,g527_g528_observed_teacher_rows,False,False,False,False,False
random-32-32-20|a100|s149|it0|14650fb0739d0383,2000,random-32-32-20,random,random-32-32-20|a100,100,149,old14_or_g518_fallback,old14_g518_fallback,True,True,g527_g528_observed_teacher_rows,False,False,False,False,False
random-32-32-20|a100|s150|it0|14650fb0739d0383,1000,random-32-32-20,random,random-32-32-20|a100,100,150,old14_or_g518_fallback,old14_g518_fallback,True,True,g527_g528_observed_teacher_rows,False,False,False,False,False
random-32-32-20|a100|s150|it0|14650fb0739d0383,2000,random-32-32-20,random,random-32-32-20|a100,100,150,old14_or_g518_fallback,old14_g518_fallback,True,True,g527_g528_observed_teacher_rows,False,False,False,False,False
random-32-32-20|a100|s151|it0|14650fb0739d0383,1000,random-32-32-20,random,random-32-32-20|a100,100,151,safe_g522_teacher_select,safe_g522_select,True,True,g527_g528_observed_teacher_rows,False,False,False,False,False
random-32-32-20|a100|s151|it0|14650fb0739d0383,2000,random-32-32-20,random,random-32-32-20|a100,100,151,safe_g522_teacher_select,safe_g522_select,True,True,g527_g528_observed_teacher_rows,False,False,False,False,False
random-32-32-20|a100|s152|it0|14650fb0739d0383,1000,random-32-32-20,random,random-32-32-20|a100,100,152,old14_or_g518_fallback,old14_g518_fallback,True,True,g527_g528_observed_teacher_rows,False,False,False,False,False
random-32-32-20|a100|s152|it0|14650fb0739d0383,2000,random-32-32-20,random,random-32-32-20|a100,100,152,old14_or_g518_fallback,old14_g518_fallback,True,True,g527_g528_observed_teacher_rows,False,False,False,False,False
random-32-32-20|a100|s153|it0|14650fb0739d0383,1000,random-32-32-20,random,random-32-32-20|a100,100,153,safe_g522_teacher_select,safe_g522_select,True,True,g527_g528_observed_teacher_rows,False,False,False,False,False
random-32-32-20|a100|s153|it0|14650fb0739d0383,2000,random-32-32-20,random,random-32-32-20|a100,100,153,safe_g522_teacher_select,safe_g522_select,True,True,g527_g528_observed_teacher_rows,False,False,False,False,False
random-32-32-20|a100|s154|it0|14650fb0739d0383,1000,random-32-32-20,random,random-32-32-20|a100,100,154,safe_g522_teacher_select,safe_g522_select,True,True,g527_g528_observed_teacher_rows,False,False,False,False,False
random-32-32-20|a100|s154|it0|14650fb0739d0383,2000,random-32-32-20,random,random-32-32-20|a100,100,154,safe_g522_teacher_select,safe_g522_select,True,True,g527_g528_observed_teacher_rows,False,False,False,False,False
random-32-32-20|a100|s155|it0|14650fb0739d0383,1000,random-32-32-20,random,random-32-32-20|a100,100,155,old14_or_g518_fallback,old14_g518_fallback,True,True,g527_g528_observed_teacher_rows,False,False,False,False,False
random-32-32-20|a100|s155|it0|14650fb0739d0383,2000,random-32-32-20,random,random-32-32-20|a100,100,155,old14_or_g518_fallback,old14_g518_fallback,True,True,g527_g528_observed_teacher_rows,False,False,False,False,False
random-32-32-20|a50|s146|it0|14650fb0739d0383,1000,random-32-32-20,random,random-32-32-20|a50,50,146,old14_or_g518_fallback,old14_g518_fallback,True,True,g527_g528_observed_teacher_rows,False,False,False,False,False
random-32-32-20|a50|s146|it0|14650fb0739d0383,2000,random-32-32-20,random,random-32-32-20|a50,50,146,old14_or_g518_fallback,old14_g518_fallback,True,True,g527_g528_observed_teacher_rows,False,False,False,False,False
random-32-32-20|a50|s147|it0|14650fb0739d0383,1000,random-32-32-20,random,random-32-32-20|a50,50,147,other_teacher_select,old14_select,True,True,g527_g528_observed_teacher_rows,False,False,False,False,False
random-32-32-20|a50|s147|it0|14650fb0739d0383,2000,random-32-32-20,random,random-32-32-20|a50,50,147,other_teacher_select,old14_select,True,True,g527_g528_observed_teacher_rows,False,False,False,False,False
random-32-32-20|a50|s148|it0|14650fb0739d0383,1000,random-32-32-20,random,random-32-32-20|a50,50,148,old14_or_g518_fallback,old14_g518_fallback,True,True,g527_g528_observed_teacher_rows,False,False,False,False,False
random-32-32-20|a50|s148|it0|14650fb0739d0383,2000,random-32-32-20,random,random-32-32-20|a50,50,148,old14_or_g518_fallback,old14_g518_fallback,True,True,g527_g528_observed_teacher_rows,False,False,False,False,False
random-32-32-20|a50|s149|it0|14650fb0739d0383,1000,random-32-32-20,random,random-32-32-20|a50,50,149,safe_g522_teacher_select,safe_g522_select,True,True,g527_g528_observed_teacher_rows,False,False,False,False,False
random-32-32-20|a50|s149|it0|14650fb0739d0383,2000,random-32-32-20,random,random-32-32-20|a50,50,149,safe_g522_teacher_select,safe_g522_select,True,True,g527_g528_observed_teacher_rows,False,False,False,False,False
random-32-32-20|a50|s150|it0|14650fb0739d0383,1000,random-32-32-20,random,random-32-32-20|a50,50,150,old14_or_g518_fallback,old14_g518_fallback,True,True,g527_g528_observed_teacher_rows,False,False,False,False,False
random-32-32-20|a50|s150|it0|14650fb0739d0383,2000,random-32-32-20,random,random-32-32-20|a50,50,150,old14_or_g518_fallback,old14_g518_fallback,True,True,g527_g528_observed_teacher_rows,False,False,False,False,False
random-32-32-20|a50|s151|it0|14650fb0739d0383,1000,random-32-32-20,random,random-32-32-20|a50,50,151,old14_or_g518_fallback,old14_g518_fallback,True,True,g527_g528_observed_teacher_rows,False,False,False,False,False
random-32-32-20|a50|s151|it0|14650fb0739d0383,2000,random-32-32-20,random,random-32-32-20|a50,50,151,old14_or_g518_fallback,old14_g518_fallback,True,True,g527_g528_observed_teacher_rows,False,False,False,False,False
random-32-32-20|a50|s152|it0|14650fb0739d0383,1000,random-32-32-20,random,random-32-32-20|a50,50,152,old14_or_g518_fallback,old14_g518_fallback,True,True,g527_g528_observed_teacher_rows,False,False,False,False,False
random-32-32-20|a50|s152|it0|14650fb0739d0383,2000,random-32-32-20,random,random-32-32-20|a50,50,152,old14_or_g518_fallback,old14_g518_fallback,True,True,g527_g528_observed_teacher_rows,False,False,False,False,False
random-32-32-20|a50|s153|it0|14650fb0739d0383,1000,random-32-32-20,random,random-32-32-20|a50,50,153,safe_g522_teacher_select,safe_g522_select,True,True,g527_g528_observed_teacher_rows,False,False,False,False,False
random-32-32-20|a50|s153|it0|14650fb0739d0383,2000,random-32-32-20,random,random-32-32-20|a50,50,153,safe_g522_teacher_select,safe_g522_select,True,True,g527_g528_observed_teacher_rows,False,False,False,False,False
random-32-32-20|a50|s154|it0|14650fb0739d0383,1000,random-32-32-20,random,random-32-32-20|a50,50,154,other_teacher_select,old14_select,True,True,g527_g528_observed_teacher_rows,False,False,False,False,False
random-32-32-20|a50|s154|it0|14650fb0739d0383,2000,random-32-32-20,random,random-32-32-20|a50,50,154,other_teacher_select,old14_select,True,True,g527_g528_observed_teacher_rows,False,False,False,False,False
random-32-32-20|a50|s155|it0|14650fb0739d0383,1000,random-32-32-20,random,random-32-32-20|a50,50,155,safe_g522_teacher_select,safe_g522_select,True,True,g527_g528_observed_teacher_rows,False,False,False,False,False
random-32-32-20|a50|s155|it0|14650fb0739d0383,2000,random-32-32-20,random,random-32-32-20|a50,50,155,safe_g522_teacher_select,safe_g522_select,True,True,g527_g528_observed_teacher_rows,False,False,False,False,False
warehouse-10-20-10-2-1|a100|s146|it0|14650fb0739d0383,1000,warehouse-10-20-10-2-1,warehouse,warehouse-10-20-10-2-1|a100,100,146,other_teacher_select,old14_select,True,True,g527_g528_observed_teacher_rows,False,False,False,False,False
warehouse-10-20-10-2-1|a100|s146|it0|14650fb0739d0383,2000,warehouse-10-20-10-2-1,warehouse,warehouse-10-20-10-2-1|a100,100,146,other_teacher_select,old14_select,True,True,g527_g528_observed_teacher_rows,False,False,False,False,False
warehouse-10-20-10-2-1|a100|s147|it0|14650fb0739d0383,1000,warehouse-10-20-10-2-1,warehouse,warehouse-10-20-10-2-1|a100,100,147,other_teacher_select,old14_select,True,True,g527_g528_observed_teacher_rows,False,False,False,False,False
warehouse-10-20-10-2-1|a100|s147|it0|14650fb0739d0383,2000,warehouse-10-20-10-2-1,warehouse,warehouse-10-20-10-2-1|a100,100,147,other_teacher_select,old14_select,True,True,g527_g528_observed_teacher_rows,False,False,False,False,False
warehouse-10-20-10-2-1|a100|s148|it0|14650fb0739d0383,1000,warehouse-10-20-10-2-1,warehouse,warehouse-10-20-10-2-1|a100,100,148,other_teacher_select,old14_select,True,True,g527_g528_observed_teacher_rows,False,False,False,False,False
warehouse-10-20-10-2-1|a100|s148|it0|14650fb0739d0383,2000,warehouse-10-20-10-2-1,warehouse,warehouse-10-20-10-2-1|a100,100,148,other_teacher_select,old14_select,True,True,g527_g528_observed_teacher_rows,False,False,False,False,False
warehouse-10-20-10-2-1|a100|s149|it0|14650fb0739d0383,1000,warehouse-10-20-10-2-1,warehouse,warehouse-10-20-10-2-1|a100,100,149,other_teacher_select,old14_select,True,True,g527_g528_observed_teacher_rows,False,False,False,False,False
warehouse-10-20-10-2-1|a100|s149|it0|14650fb0739d0383,2000,warehouse-10-20-10-2-1,warehouse,warehouse-10-20-10-2-1|a100,100,149,other_teacher_select,old14_select,True,True,g527_g528_observed_teacher_rows,False,False,False,False,False
warehouse-10-20-10-2-1|a100|s150|it0|14650fb0739d0383,1000,warehouse-10-20-10-2-1,warehouse,warehouse-10-20-10-2-1|a100,100,150,other_teacher_select,old14_select,True,True,g527_g528_observed_teacher_rows,False,False,False,False,False
warehouse-10-20-10-2-1|a100|s150|it0|14650fb0739d0383,2000,warehouse-10-20-10-2-1,warehouse,warehouse-10-20-10-2-1|a100,100,150,other_teacher_select,old14_select,True,True,g527_g528_observed_teacher_rows,False,False,False,False,False
warehouse-10-20-10-2-1|a100|s151|it0|14650fb0739d0383,1000,warehouse-10-20-10-2-1,warehouse,warehouse-10-20-10-2-1|a100,100,151,other_teacher_select,old14_select,True,True,g527_g528_observed_teacher_rows,False,False,False,False,False
warehouse-10-20-10-2-1|a100|s151|it0|14650fb0739d0383,2000,warehouse-10-20-10-2-1,warehouse,warehouse-10-20-10-2-1|a100,100,151,other_teacher_select,old14_select,True,True,g527_g528_observed_teacher_rows,False,False,False,False,False
warehouse-10-20-10-2-1|a100|s152|it0|14650fb0739d0383,1000,warehouse-10-20-10-2-1,warehouse,warehouse-10-20-10-2-1|a100,100,152,other_teacher_select,old14_select,True,True,g527_g528_observed_teacher_rows,False,False,False,False,False
warehouse-10-20-10-2-1|a100|s152|it0|14650fb0739d0383,2000,warehouse-10-20-10-2-1,warehouse,warehouse-10-20-10-2-1|a100,100,152,other_teacher_select,old14_select,True,True,g527_g528_observed_teacher_rows,False,False,False,False,False
warehouse-10-20-10-2-1|a100|s153|it0|14650fb0739d0383,1000,warehouse-10-20-10-2-1,warehouse,warehouse-10-20-10-2-1|a100,100,153,other_teacher_select,old14_select,True,True,g527_g528_observed_teacher_rows,False,False,False,False,False
warehouse-10-20-10-2-1|a100|s153|it0|14650fb0739d0383,2000,warehouse-10-20-10-2-1,warehouse,warehouse-10-20-10-2-1|a100,100,153,other_teacher_select,old14_select,True,True,g527_g528_observed_teacher_rows,False,False,False,False,False
warehouse-10-20-10-2-1|a100|s154|it0|14650fb0739d0383,1000,warehouse-10-20-10-2-1,warehouse,warehouse-10-20-10-2-1|a100,100,154,other_teacher_select,old14_select,True,True,g527_g528_observed_teacher_rows,False,False,False,False,False
warehouse-10-20-10-2-1|a100|s154|it0|14650fb0739d0383,2000,warehouse-10-20-10-2-1,warehouse,warehouse-10-20-10-2-1|a100,100,154,other_teacher_select,old14_select,True,True,g527_g528_observed_teacher_rows,False,False,False,False,False
warehouse-10-20-10-2-1|a100|s155|it0|14650fb0739d0383,1000,warehouse-10-20-10-2-1,warehouse,warehouse-10-20-10-2-1|a100,100,155,other_teacher_select,old14_select,True,True,g527_g528_observed_teacher_rows,False,False,False,False,False
warehouse-10-20-10-2-1|a100|s155|it0|14650fb0739d0383,2000,warehouse-10-20-10-2-1,warehouse,warehouse-10-20-10-2-1|a100,100,155,other_teacher_select,old14_select,True,True,g527_g528_observed_teacher_rows,False,False,False,False,False
warehouse-10-20-10-2-1|a50|s146|it0|14650fb0739d0383,1000,warehouse-10-20-10-2-1,warehouse,warehouse-10-20-10-2-1|a50,50,146,abstain_due_risk,abstain_due_risk,True,True,g527_g528_observed_teacher_rows,False,False,False,False,False
warehouse-10-20-10-2-1|a50|s146|it0|14650fb0739d0383,2000,warehouse-10-20-10-2-1,warehouse,warehouse-10-20-10-2-1|a50,50,146,abstain_due_risk,abstain_due_risk,True,True,g527_g528_observed_teacher_rows,False,False,False,False,False
warehouse-10-20-10-2-1|a50|s147|it0|14650fb0739d0383,1000,warehouse-10-20-10-2-1,warehouse,warehouse-10-20-10-2-1|a50,50,147,other_teacher_select,old14_select,True,True,g527_g528_observed_teacher_rows,False,False,False,False,False
warehouse-10-20-10-2-1|a50|s147|it0|14650fb0739d0383,2000,warehouse-10-20-10-2-1,warehouse,warehouse-10-20-10-2-1|a50,50,147,abstain_due_risk,abstain_due_risk,True,True,g527_g528_observed_teacher_rows,False,False,False,False,False
warehouse-10-20-10-2-1|a50|s148|it0|14650fb0739d0383,1000,warehouse-10-20-10-2-1,warehouse,warehouse-10-20-10-2-1|a50,50,148,other_teacher_select,old14_select,True,True,g527_g528_observed_teacher_rows,False,False,False,False,False
warehouse-10-20-10-2-1|a50|s148|it0|14650fb0739d0383,2000,warehouse-10-20-10-2-1,warehouse,warehouse-10-20-10-2-1|a50,50,148,abstain_due_risk,abstain_due_risk,True,True,g527_g528_observed_teacher_rows,False,False,False,False,False
warehouse-10-20-10-2-1|a50|s149|it0|14650fb0739d0383,1000,warehouse-10-20-10-2-1,warehouse,warehouse-10-20-10-2-1|a50,50,149,other_teacher_select,old14_select,True,True,g527_g528_observed_teacher_rows,False,False,False,False,False
warehouse-10-20-10-2-1|a50|s149|it0|14650fb0739d0383,2000,warehouse-10-20-10-2-1,warehouse,warehouse-10-20-10-2-1|a50,50,149,other_teacher_select,old14_select,True,True,g527_g528_observed_teacher_rows,False,False,False,False,False
warehouse-10-20-10-2-1|a50|s150|it0|14650fb0739d0383,1000,warehouse-10-20-10-2-1,warehouse,warehouse-10-20-10-2-1|a50,50,150,abstain_due_risk,abstain_due_risk,True,True,g527_g528_observed_teacher_rows,False,False,False,False,False
warehouse-10-20-10-2-1|a50|s150|it0|14650fb0739d0383,2000,warehouse-10-20-10-2-1,warehouse,warehouse-10-20-10-2-1|a50,50,150,abstain_due_risk,abstain_due_risk,True,True,g527_g528_observed_teacher_rows,False,False,False,False,False
warehouse-10-20-10-2-1|a50|s151|it0|14650fb0739d0383,1000,warehouse-10-20-10-2-1,warehouse,warehouse-10-20-10-2-1|a50,50,151,other_teacher_select,old14_select,True,True,g527_g528_observed_teacher_rows,False,False,False,False,False
warehouse-10-20-10-2-1|a50|s151|it0|14650fb0739d0383,2000,warehouse-10-20-10-2-1,warehouse,warehouse-10-20-10-2-1|a50,50,151,abstain_due_risk,abstain_due_risk,True,True,g527_g528_observed_teacher_rows,False,False,False,False,False
warehouse-10-20-10-2-1|a50|s152|it0|14650fb0739d0383,1000,warehouse-10-20-10-2-1,warehouse,warehouse-10-20-10-2-1|a50,50,152,other_teacher_select,old14_select,True,True,g527_g528_observed_teacher_rows,False,False,False,False,False
warehouse-10-20-10-2-1|a50|s152|it0|14650fb0739d0383,2000,warehouse-10-20-10-2-1,warehouse,warehouse-10-20-10-2-1|a50,50,152,abstain_due_risk,abstain_due_risk,True,True,g527_g528_observed_teacher_rows,False,False,False,False,False
warehouse-10-20-10-2-1|a50|s153|it0|14650fb0739d0383,1000,warehouse-10-20-10-2-1,warehouse,warehouse-10-20-10-2-1|a50,50,153,other_teacher_select,old14_select,True,True,g527_g528_observed_teacher_rows,False,False,False,False,False
warehouse-10-20-10-2-1|a50|s153|it0|14650fb0739d0383,2000,warehouse-10-20-10-2-1,warehouse,warehouse-10-20-10-2-1|a50,50,153,other_teacher_select,old14_select,True,True,g527_g528_observed_teacher_rows,False,False,False,False,False
warehouse-10-20-10-2-1|a50|s154|it0|14650fb0739d0383,1000,warehouse-10-20-10-2-1,warehouse,warehouse-10-20-10-2-1|a50,50,154,other_teacher_select,old14_select,True,True,g527_g528_observed_teacher_rows,False,False,False,False,False
warehouse-10-20-10-2-1|a50|s154|it0|14650fb0739d0383,2000,warehouse-10-20-10-2-1,warehouse,warehouse-10-20-10-2-1|a50,50,154,other_teacher_select,old14_select,True,True,g527_g528_observed_teacher_rows,False,False,False,False,False
warehouse-10-20-10-2-1|a50|s155|it0|14650fb0739d0383,1000,warehouse-10-20-10-2-1,warehouse,warehouse-10-20-10-2-1|a50,50,155,other_teacher_select,old14_select,True,True,g527_g528_observed_teacher_rows,False,False,False,False,False
warehouse-10-20-10-2-1|a50|s155|it0|14650fb0739d0383,2000,warehouse-10-20-10-2-1,warehouse,warehouse-10-20-10-2-1|a50,50,155,abstain_due_risk,abstain_due_risk,True,True,g527_g528_observed_teacher_rows,False,False,False,False,False
