additive_score,agents,best_ratio_before,blocked_count,blocked_per_agent,blocked_per_committed,c_flow_update_ratio,c_nonzero_edges,c_update_count,candidate_count,candidate_coverage_complete,candidate_ids,candidate_rows,committed_count,committed_per_agent,context_id,cost_bounds_respected,cost_max,cost_min,cost_span,density,f_nonzero_edges,f_update_count,free_cells,has_incumbent_before,improved_last_iteration,iteration,ltm_iterations,map,map_height,map_width,nonprogress_committed_count,obstacle_ratio,oracle_beats_additive,oracle_beats_static,oracle_candidate_id,oracle_gap_over_additive,oracle_gap_over_static,oracle_resolved_candidate_id,oracle_score,progress_committed_count,progress_ratio,returned_solutions_count_so_far,seed,static_dominates_context,static_score,trace_event_count,traffic_before_hash_full,wait_event_count,wait_event_ratio,wait_per_committed
1.42059868087,100,0,1860,18.6,0.143076923077,0,0,0,7,True,"additive_ltm,repair5g1_shield_c100_b125_w075_d100_beta0p35_max0p75,repair5g1_shield_c125_b125_w075_d095_beta0p2_max0p5,repair5g1_shield_c125_b125_w075_d095_beta0p35_max0p75,repair5g2_best_frozen_static_candidate,repair5g2_c_equiv_best_frozen_baseline,repair5g2_frozen_static_or_selector",7,13000,130,maze-32-32-4|a100|s146|it0|repair5g55_counterfactual_static_context,1,2,2,0,0.126582278481,0,0,790,0,1,0,0,maze-32-32-4,32,32,7810,0.228515625,True,True,repair5g1_shield_c100_b125_w075_d100_beta0p35_max0p75,-0.11542364281999995,-0.005834601729999944,repair5g1_shield_c100_b125_w075_d100_beta0p35_max0p75,1.30517503805,5190,0.399230769231,1,146,False,1.31100963978,14860,14650fb0739d0383,854,0.06569230769230769,0.0656923076923
,100,0,1447,14.47,0.141862745098,0,0,0,7,True,"additive_ltm,repair5g1_shield_c100_b125_w075_d100_beta0p35_max0p75,repair5g1_shield_c125_b125_w075_d095_beta0p2_max0p5,repair5g1_shield_c125_b125_w075_d095_beta0p35_max0p75,repair5g2_best_frozen_static_candidate,repair5g2_c_equiv_best_frozen_baseline,repair5g2_frozen_static_or_selector",7,10200,102,maze-32-32-4|a100|s147|it0|repair5g55_counterfactual_static_context,1,2,2,0,0.126582278481,0,0,790,0,1,0,0,maze-32-32-4,32,32,5119,0.228515625,False,False,repair5g2_best_frozen_static_candidate,,0.0,repair5g1_shield_c125_b125_w075_d095_beta0p35_max0p75,1.28272772524,5081,0.498137254902,1,147,True,1.28272772524,11647,14650fb0739d0383,610,0.059803921568627454,0.0598039215686
1.45885928004,100,0,2177,21.77,0.149109589041,0,0,0,7,True,"additive_ltm,repair5g1_shield_c100_b125_w075_d100_beta0p35_max0p75,repair5g1_shield_c125_b125_w075_d095_beta0p2_max0p5,repair5g1_shield_c125_b125_w075_d095_beta0p35_max0p75,repair5g2_best_frozen_static_candidate,repair5g2_c_equiv_best_frozen_baseline,repair5g2_frozen_static_or_selector",7,14600,146,maze-32-32-4|a100|s148|it0|repair5g55_counterfactual_static_context,1,2,2,0,0.126582278481,0,0,790,0,1,0,0,maze-32-32-4,32,32,8872,0.228515625,True,True,repair5g1_shield_c100_b125_w075_d100_beta0p35_max0p75,-0.14539504442000006,-0.009350163630000186,repair5g1_shield_c100_b125_w075_d100_beta0p35_max0p75,1.31346423562,5728,0.392328767123,1,148,False,1.32281439925,16777,14650fb0739d0383,1028,0.07041095890410959,0.0704109589041
1.42022194821,100,0,1906,19.06,0.138115942029,0,0,0,7,True,"additive_ltm,repair5g1_shield_c100_b125_w075_d100_beta0p35_max0p75,repair5g1_shield_c125_b125_w075_d095_beta0p2_max0p5,repair5g1_shield_c125_b125_w075_d095_beta0p35_max0p75,repair5g2_best_frozen_static_candidate,repair5g2_c_equiv_best_frozen_baseline,repair5g2_frozen_static_or_selector",7,13800,138,maze-32-32-4|a100|s149|it0|repair5g55_counterfactual_static_context,1,2,2,0,0.126582278481,0,0,790,0,1,0,0,maze-32-32-4,32,32,8441,0.228515625,True,True,repair5g1_shield_c100_b125_w075_d100_beta0p35_max0p75,-0.1149198520300001,-0.009124537609999983,repair5g1_shield_c100_b125_w075_d100_beta0p35_max0p75,1.30530209618,5359,0.388333333333,1,149,False,1.31442663379,15706,14650fb0739d0383,848,0.06144927536231884,0.0614492753623
1.50944346512,100,0,1806,18.06,0.170377358491,0,0,0,7,True,"additive_ltm,repair5g1_shield_c100_b125_w075_d100_beta0p35_max0p75,repair5g1_shield_c125_b125_w075_d095_beta0p2_max0p5,repair5g1_shield_c125_b125_w075_d095_beta0p35_max0p75,repair5g2_best_frozen_static_candidate,repair5g2_c_equiv_best_frozen_baseline,repair5g2_frozen_static_or_selector",7,10600,106,maze-32-32-4|a100|s150|it0|repair5g55_counterfactual_static_context,1,2,2,0,0.126582278481,0,0,790,0,1,0,0,maze-32-32-4,32,32,5369,0.228515625,True,False,repair5g2_best_frozen_static_candidate,-0.14756988163999996,0.0,repair5g1_shield_c125_b125_w075_d095_beta0p35_max0p75,1.36187358348,5231,0.493490566038,1,150,True,1.36187358348,12406,14650fb0739d0383,846,0.07981132075471697,0.0798113207547
1.37895005097,100,0,1330,13.3,0.129126213592,0,0,0,7,True,"additive_ltm,repair5g1_shield_c100_b125_w075_d100_beta0p35_max0p75,repair5g1_shield_c125_b125_w075_d095_beta0p2_max0p5,repair5g1_shield_c125_b125_w075_d095_beta0p35_max0p75,repair5g2_best_frozen_static_candidate,repair5g2_c_equiv_best_frozen_baseline,repair5g2_frozen_static_or_selector",7,10300,103,maze-32-32-4|a100|s151|it0|repair5g55_counterfactual_static_context,1,2,2,0,0.126582278481,0,0,790,0,1,0,0,maze-32-32-4,32,32,5433,0.228515625,True,True,repair5g1_shield_c100_b125_w075_d100_beta0p35_max0p75,-0.09556574923999994,-0.027013251790000137,repair5g1_shield_c100_b125_w075_d100_beta0p35_max0p75,1.28338430173,4867,0.472524271845,1,151,False,1.31039755352,11630,14650fb0739d0383,574,0.055728155339805824,0.0557281553398
1.46590909091,100,0,1552,15.52,0.1552,0,0,0,7,True,"additive_ltm,repair5g1_shield_c100_b125_w075_d100_beta0p35_max0p75,repair5g1_shield_c125_b125_w075_d095_beta0p2_max0p5,repair5g1_shield_c125_b125_w075_d095_beta0p35_max0p75,repair5g2_best_frozen_static_candidate,repair5g2_c_equiv_best_frozen_baseline,repair5g2_frozen_static_or_selector",7,10000,100,maze-32-32-4|a100|s152|it0|repair5g55_counterfactual_static_context,1,2,2,0,0.126582278481,0,0,790,0,1,0,0,maze-32-32-4,32,32,5052,0.228515625,True,True,repair5g1_shield_c100_b125_w075_d100_beta0p35_max0p75,-0.14385330579,-0.04287190082999981,repair5g1_shield_c100_b125_w075_d100_beta0p35_max0p75,1.32205578512,4948,0.4948,1,152,False,1.36492768595,11552,14650fb0739d0383,716,0.0716,0.0716
1.58142255498,100,0,2528,25.28,0.175555555556,0,0,0,7,True,"additive_ltm,repair5g1_shield_c100_b125_w075_d100_beta0p35_max0p75,repair5g1_shield_c125_b125_w075_d095_beta0p2_max0p5,repair5g1_shield_c125_b125_w075_d095_beta0p35_max0p75,repair5g2_best_frozen_static_candidate,repair5g2_c_equiv_best_frozen_baseline,repair5g2_frozen_static_or_selector",7,14400,144,maze-32-32-4|a100|s153|it0|repair5g55_counterfactual_static_context,1,2,2,0,0.126582278481,0,0,790,0,1,0,0,maze-32-32-4,32,32,8299,0.228515625,True,True,repair5g1_shield_c100_b125_w075_d100_beta0p35_max0p75,-0.19396350022999997,-0.16635470284999987,repair5g1_shield_c100_b125_w075_d100_beta0p35_max0p75,1.38745905475,6101,0.423680555556,1,153,False,1.5538137576,16928,14650fb0739d0383,1211,0.08409722222222223,0.0840972222222
1.43368146214,100,0,1461,14.61,0.131621621622,0,0,0,7,True,"additive_ltm,repair5g1_shield_c100_b125_w075_d100_beta0p35_max0p75,repair5g1_shield_c125_b125_w075_d095_beta0p2_max0p5,repair5g1_shield_c125_b125_w075_d095_beta0p35_max0p75,repair5g2_best_frozen_static_candidate,repair5g2_c_equiv_best_frozen_baseline,repair5g2_frozen_static_or_selector",7,11100,111,maze-32-32-4|a100|s154|it0|repair5g55_counterfactual_static_context,1,2,2,0,0.126582278481,0,0,790,0,1,0,0,maze-32-32-4,32,32,6190,0.228515625,True,True,repair5g1_shield_c100_b125_w075_d100_beta0p35_max0p75,-0.1070496083500001,-0.0075718015600001465,repair5g1_shield_c100_b125_w075_d100_beta0p35_max0p75,1.32663185379,4910,0.442342342342,1,154,False,1.33420365535,12561,14650fb0739d0383,663,0.05972972972972973,0.0597297297297
1.39877613463,100,0,1628,16.28,0.158058252427,0,0,0,7,True,"additive_ltm,repair5g1_shield_c100_b125_w075_d100_beta0p35_max0p75,repair5g1_shield_c125_b125_w075_d095_beta0p2_max0p5,repair5g1_shield_c125_b125_w075_d095_beta0p35_max0p75,repair5g2_best_frozen_static_candidate,repair5g2_c_equiv_best_frozen_baseline,repair5g2_frozen_static_or_selector",7,10300,103,maze-32-32-4|a100|s155|it0|repair5g55_counterfactual_static_context,1,2,2,0,0.126582278481,0,0,790,0,1,0,0,maze-32-32-4,32,32,5228,0.228515625,True,False,repair5g2_best_frozen_static_candidate,-0.11983681795000001,0.0,repair5g1_shield_c125_b125_w075_d095_beta0p35_max0p75,1.27893931668,5072,0.492427184466,1,155,True,1.27893931668,11928,14650fb0739d0383,727,0.07058252427184467,0.0705825242718
1.20396744659,50,0,344,6.88,0.0809411764706,0,0,0,7,True,"additive_ltm,repair5g1_shield_c100_b125_w075_d100_beta0p35_max0p75,repair5g1_shield_c125_b125_w075_d095_beta0p2_max0p5,repair5g1_shield_c125_b125_w075_d095_beta0p35_max0p75,repair5g2_best_frozen_static_candidate,repair5g2_c_equiv_best_frozen_baseline,repair5g2_frozen_static_or_selector",7,4250,85,maze-32-32-4|a50|s146|it0|repair5g55_counterfactual_static_context,1,2,2,0,0.0632911392405,0,0,790,0,1,0,0,maze-32-32-4,32,32,2034,0.228515625,True,True,repair5g1_shield_c100_b125_w075_d100_beta0p35_max0p75,-0.044252288910000104,-0.020345879960000035,repair5g1_shield_c100_b125_w075_d100_beta0p35_max0p75,1.15971515768,2216,0.521411764706,1,146,False,1.18006103764,4594,14650fb0739d0383,173,0.040705882352941175,0.0407058823529
1.22318973419,50,0,349,6.98,0.0750537634409,0,0,0,7,True,"additive_ltm,repair5g1_shield_c100_b125_w075_d100_beta0p35_max0p75,repair5g1_shield_c125_b125_w075_d095_beta0p2_max0p5,repair5g1_shield_c125_b125_w075_d095_beta0p35_max0p75,repair5g2_best_frozen_static_candidate,repair5g2_c_equiv_best_frozen_baseline,repair5g2_frozen_static_or_selector",7,4650,93,maze-32-32-4|a50|s147|it0|repair5g55_counterfactual_static_context,1,2,2,0,0.0632911392405,0,0,790,0,1,0,0,maze-32-32-4,32,32,2184,0.228515625,True,True,repair5g1_shield_c100_b125_w075_d100_beta0p35_max0p75,-0.027497708529999887,-0.00045829514999984333,repair5g1_shield_c100_b125_w075_d100_beta0p35_max0p75,1.19569202566,2466,0.530322580645,1,147,False,1.19615032081,4999,14650fb0739d0383,145,0.03118279569892473,0.0311827956989
1.24109447599,50,0,478,9.56,0.102795698925,0,0,0,7,True,"additive_ltm,repair5g1_shield_c100_b125_w075_d100_beta0p35_max0p75,repair5g1_shield_c125_b125_w075_d095_beta0p2_max0p5,repair5g1_shield_c125_b125_w075_d095_beta0p35_max0p75,repair5g2_best_frozen_static_candidate,repair5g2_c_equiv_best_frozen_baseline,repair5g2_frozen_static_or_selector",7,4650,93,maze-32-32-4|a50|s148|it0|repair5g55_counterfactual_static_context,1,2,2,0,0.0632911392405,0,0,790,0,1,0,0,maze-32-32-4,32,32,2337,0.228515625,True,True,repair5g1_shield_c100_b125_w075_d100_beta0p35_max0p75,-0.035622096019999994,-0.036138358289999895,repair5g1_shield_c100_b125_w075_d100_beta0p35_max0p75,1.20547237997,2313,0.497419354839,1,148,False,1.24161073826,5128,14650fb0739d0383,212,0.04559139784946237,0.0455913978495
1.22906793049,50,0,342,6.84,0.0651428571429,0,0,0,7,True,"additive_ltm,repair5g1_shield_c100_b125_w075_d100_beta0p35_max0p75,repair5g1_shield_c125_b125_w075_d095_beta0p2_max0p5,repair5g1_shield_c125_b125_w075_d095_beta0p35_max0p75,repair5g2_best_frozen_static_candidate,repair5g2_c_equiv_best_frozen_baseline,repair5g2_frozen_static_or_selector",7,5250,105,maze-32-32-4|a50|s149|it0|repair5g55_counterfactual_static_context,1,2,2,0,0.0632911392405,0,0,790,0,1,0,0,maze-32-32-4,32,32,3097,0.228515625,True,True,repair5g1_shield_c100_b125_w075_d100_beta0p35_max0p75,-0.07898894155000002,-0.01737756714000005,repair5g1_shield_c100_b125_w075_d100_beta0p35_max0p75,1.15007898894,2153,0.410095238095,1,149,False,1.16745655608,5592,14650fb0739d0383,154,0.029333333333333333,0.0293333333333
1.244,50,0,349,6.98,0.068431372549,0,0,0,7,True,"additive_ltm,repair5g1_shield_c100_b125_w075_d100_beta0p35_max0p75,repair5g1_shield_c125_b125_w075_d095_beta0p2_max0p5,repair5g1_shield_c125_b125_w075_d095_beta0p35_max0p75,repair5g2_best_frozen_static_candidate,repair5g2_c_equiv_best_frozen_baseline,repair5g2_frozen_static_or_selector",7,5100,102,maze-32-32-4|a50|s150|it0|repair5g55_counterfactual_static_context,1,2,2,0,0.0632911392405,0,0,790,0,1,0,0,maze-32-32-4,32,32,3040,0.228515625,True,False,repair5g2_best_frozen_static_candidate,-0.0725714285700001,0.0,repair5g1_shield_c125_b125_w075_d095_beta0p35_max0p75,1.17142857143,2060,0.403921568627,1,150,True,1.17142857143,5449,14650fb0739d0383,163,0.03196078431372549,0.0319607843137
1.24961558175,50,0,373,7.46,0.0793617021277,0,0,0,7,True,"additive_ltm,repair5g1_shield_c100_b125_w075_d100_beta0p35_max0p75,repair5g1_shield_c125_b125_w075_d095_beta0p2_max0p5,repair5g1_shield_c125_b125_w075_d095_beta0p35_max0p75,repair5g2_best_frozen_static_candidate,repair5g2_c_equiv_best_frozen_baseline,repair5g2_frozen_static_or_selector",7,4700,94,maze-32-32-4|a50|s151|it0|repair5g55_counterfactual_static_context,1,2,2,0,0.0632911392405,0,0,790,0,1,0,0,maze-32-32-4,32,32,2435,0.228515625,True,False,repair5g2_best_frozen_static_candidate,-0.09431060994000018,0.0,repair5g1_shield_c125_b125_w075_d095_beta0p35_max0p75,1.15530497181,2265,0.481914893617,1,151,True,1.15530497181,5073,14650fb0739d0383,173,0.036808510638297876,0.0368085106383
1.3515625,50,0,498,9.96,0.107096774194,0,0,0,7,True,"additive_ltm,repair5g1_shield_c100_b125_w075_d100_beta0p35_max0p75,repair5g1_shield_c125_b125_w075_d095_beta0p2_max0p5,repair5g1_shield_c125_b125_w075_d095_beta0p35_max0p75,repair5g2_best_frozen_static_candidate,repair5g2_c_equiv_best_frozen_baseline,repair5g2_frozen_static_or_selector",7,4650,93,maze-32-32-4|a50|s152|it0|repair5g55_counterfactual_static_context,1,2,2,0,0.0632911392405,0,0,790,0,1,0,0,maze-32-32-4,32,32,2316,0.228515625,True,False,repair5g2_best_frozen_static_candidate,-0.11979166667000007,0.0,repair5g1_shield_c125_b125_w075_d095_beta0p35_max0p75,1.23177083333,2334,0.501935483871,1,152,True,1.23177083333,5148,14650fb0739d0383,234,0.05032258064516129,0.0503225806452
1.31532663317,50,0,694,13.88,0.120695652174,0,0,0,7,True,"additive_ltm,repair5g1_shield_c100_b125_w075_d100_beta0p35_max0p75,repair5g1_shield_c125_b125_w075_d095_beta0p2_max0p5,repair5g1_shield_c125_b125_w075_d095_beta0p35_max0p75,repair5g2_best_frozen_static_candidate,repair5g2_c_equiv_best_frozen_baseline,repair5g2_frozen_static_or_selector",7,5750,115,maze-32-32-4|a50|s153|it0|repair5g55_counterfactual_static_context,1,2,2,0,0.0632911392405,0,0,790,0,1,0,0,maze-32-32-4,32,32,2818,0.228515625,True,False,repair5g2_best_frozen_static_candidate,-0.049832495820000045,0.0,repair5g1_shield_c125_b125_w075_d095_beta0p35_max0p75,1.26549413735,2932,0.509913043478,1,153,True,1.26549413735,6444,14650fb0739d0383,329,0.057217391304347824,0.0572173913043
1.2450523865,50,0,307,6.14,0.0607920792079,0,0,0,7,True,"additive_ltm,repair5g1_shield_c100_b125_w075_d100_beta0p35_max0p75,repair5g1_shield_c125_b125_w075_d095_beta0p2_max0p5,repair5g1_shield_c125_b125_w075_d095_beta0p35_max0p75,repair5g2_best_frozen_static_candidate,repair5g2_c_equiv_best_frozen_baseline,repair5g2_frozen_static_or_selector",7,5050,101,maze-32-32-4|a50|s154|it0|repair5g55_counterfactual_static_context,1,2,2,0,0.0632911392405,0,0,790,0,1,0,0,maze-32-32-4,32,32,3078,0.228515625,True,True,repair5g1_shield_c100_b125_w075_d100_beta0p35_max0p75,-0.04831199069000003,-0.01688009312999994,repair5g1_shield_c100_b125_w075_d100_beta0p35_max0p75,1.19674039581,1972,0.390495049505,1,154,False,1.21362048894,5357,14650fb0739d0383,137,0.02712871287128713,0.0271287128713
1.23828317711,50,0,437,8.74,0.0910416666667,0,0,0,7,True,"additive_ltm,repair5g1_shield_c100_b125_w075_d100_beta0p35_max0p75,repair5g1_shield_c125_b125_w075_d095_beta0p2_max0p5,repair5g1_shield_c125_b125_w075_d095_beta0p35_max0p75,repair5g2_best_frozen_static_candidate,repair5g2_c_equiv_best_frozen_baseline,repair5g2_frozen_static_or_selector",7,4800,96,maze-32-32-4|a50|s155|it0|repair5g55_counterfactual_static_context,1,2,2,0,0.0632911392405,0,0,790,0,1,0,0,maze-32-32-4,32,32,2447,0.228515625,True,False,repair5g2_best_frozen_static_candidate,-0.06512086827999997,0.0,repair5g1_shield_c125_b125_w075_d095_beta0p35_max0p75,1.17316230883,2353,0.490208333333,1,155,True,1.17316230883,5237,14650fb0739d0383,207,0.043125,0.043125
1.3935272045,100,0,608,6.08,0.124081632653,0,0,0,7,True,"additive_ltm,repair5g1_shield_c100_b125_w075_d100_beta0p35_max0p75,repair5g1_shield_c125_b125_w075_d095_beta0p2_max0p5,repair5g1_shield_c125_b125_w075_d095_beta0p35_max0p75,repair5g2_best_frozen_static_candidate,repair5g2_c_equiv_best_frozen_baseline,repair5g2_frozen_static_or_selector",7,4900,49,random-32-32-20|a100|s146|it0|repair5g55_counterfactual_static_context,1,2,2,0,0.1221001221,0,0,819,0,1,0,0,random-32-32-20,32,32,2274,0.2001953125,True,False,repair5g2_best_frozen_static_candidate,-0.10365853658000002,0.0,repair5g1_shield_c125_b125_w075_d095_beta0p35_max0p75,1.28986866792,2626,0.535918367347,1,146,True,1.28986866792,5508,14650fb0739d0383,276,0.0563265306122449,0.0563265306122
1.39749328559,100,0,752,7.52,0.1504,0,0,0,7,True,"additive_ltm,repair5g1_shield_c100_b125_w075_d100_beta0p35_max0p75,repair5g1_shield_c125_b125_w075_d095_beta0p2_max0p5,repair5g1_shield_c125_b125_w075_d095_beta0p35_max0p75,repair5g2_best_frozen_static_candidate,repair5g2_c_equiv_best_frozen_baseline,repair5g2_frozen_static_or_selector",7,5000,50,random-32-32-20|a100|s147|it0|repair5g55_counterfactual_static_context,1,2,2,0,0.1221001221,0,0,819,0,1,0,0,random-32-32-20,32,32,2152,0.2001953125,True,False,repair5g2_best_frozen_static_candidate,-0.13965980305000003,0.0,repair5g1_shield_c125_b125_w075_d095_beta0p35_max0p75,1.25783348254,2848,0.5696,1,147,True,1.25783348254,5752,14650fb0739d0383,335,0.067,0.067
1.51395881007,100,0,693,6.93,0.135882352941,0,0,0,7,True,"additive_ltm,repair5g1_shield_c100_b125_w075_d100_beta0p35_max0p75,repair5g1_shield_c125_b125_w075_d095_beta0p2_max0p5,repair5g1_shield_c125_b125_w075_d095_beta0p35_max0p75,repair5g2_best_frozen_static_candidate,repair5g2_c_equiv_best_frozen_baseline,repair5g2_frozen_static_or_selector",7,5100,51,random-32-32-20|a100|s148|it0|repair5g55_counterfactual_static_context,1,2,2,0,0.1221001221,0,0,819,0,1,0,0,random-32-32-20,32,32,2378,0.2001953125,True,True,repair5g2_frozen_static_or_selector,-0.20823798627000012,-0.002288329520000021,repair5g1_shield_c100_b125_w075_d100_beta0p35_max0p75,1.3057208238,2722,0.533725490196,1,148,False,1.30800915332,5793,14650fb0739d0383,330,0.06470588235294118,0.0647058823529
1.32587412587,100,0,687,6.87,0.120526315789,0,0,0,7,True,"additive_ltm,repair5g1_shield_c100_b125_w075_d100_beta0p35_max0p75,repair5g1_shield_c125_b125_w075_d095_beta0p2_max0p5,repair5g1_shield_c125_b125_w075_d095_beta0p35_max0p75,repair5g2_best_frozen_static_candidate,repair5g2_c_equiv_best_frozen_baseline,repair5g2_frozen_static_or_selector",7,5700,57,random-32-32-20|a100|s149|it0|repair5g55_counterfactual_static_context,1,2,2,0,0.1221001221,0,0,819,0,1,0,0,random-32-32-20,32,32,2997,0.2001953125,True,False,repair5g2_best_frozen_static_candidate,-0.10069930069999988,0.0,repair5g1_shield_c125_b125_w075_d095_beta0p35_max0p75,1.22517482517,2703,0.474210526316,1,149,True,1.22517482517,6387,14650fb0739d0383,340,0.05964912280701754,0.059649122807
1.24400958466,100,0,859,8.59,0.0746956521739,0,0,0,7,True,"additive_ltm,repair5g1_shield_c100_b125_w075_d100_beta0p35_max0p75,repair5g1_shield_c125_b125_w075_d095_beta0p2_max0p5,repair5g1_shield_c125_b125_w075_d095_beta0p35_max0p75,repair5g2_best_frozen_static_candidate,repair5g2_c_equiv_best_frozen_baseline,repair5g2_frozen_static_or_selector",7,11500,115,random-32-32-20|a100|s150|it0|repair5g55_counterfactual_static_context,1,2,2,0,0.1221001221,0,0,819,0,1,0,0,random-32-32-20,32,32,8278,0.2001953125,True,False,repair5g2_best_frozen_static_candidate,-0.043530351429999836,0.0,repair5g1_shield_c125_b125_w075_d095_beta0p35_max0p75,1.20047923323,3222,0.280173913043,1,150,True,1.20047923323,12359,14650fb0739d0383,423,0.036782608695652176,0.0367826086957
1.49615014437,100,0,681,6.81,0.133529411765,0,0,0,7,True,"additive_ltm,repair5g1_shield_c100_b125_w075_d100_beta0p35_max0p75,repair5g1_shield_c125_b125_w075_d095_beta0p2_max0p5,repair5g1_shield_c125_b125_w075_d095_beta0p35_max0p75,repair5g2_best_frozen_static_candidate,repair5g2_c_equiv_best_frozen_baseline,repair5g2_frozen_static_or_selector",7,5100,51,random-32-32-20|a100|s151|it0|repair5g55_counterfactual_static_context,1,2,2,0,0.1221001221,0,0,819,0,1,0,0,random-32-32-20,32,32,2494,0.2001953125,True,False,repair5g2_best_frozen_static_candidate,-0.16458132820000015,0.0,repair5g1_shield_c125_b125_w075_d095_beta0p35_max0p75,1.33156881617,2606,0.510980392157,1,151,True,1.33156881617,5781,14650fb0739d0383,328,0.06431372549019608,0.0643137254902
1.51528384279,100,0,744,7.44,0.145882352941,0,0,0,7,True,"additive_ltm,repair5g1_shield_c100_b125_w075_d100_beta0p35_max0p75,repair5g1_shield_c125_b125_w075_d095_beta0p2_max0p5,repair5g1_shield_c125_b125_w075_d095_beta0p35_max0p75,repair5g2_best_frozen_static_candidate,repair5g2_c_equiv_best_frozen_baseline,repair5g2_frozen_static_or_selector",7,5100,51,random-32-32-20|a100|s152|it0|repair5g55_counterfactual_static_context,1,2,2,0,0.1221001221,0,0,819,0,1,0,0,random-32-32-20,32,32,2208,0.2001953125,True,False,repair5g2_best_frozen_static_candidate,-0.19126637553999992,0.0,repair5g1_shield_c125_b125_w075_d095_beta0p35_max0p75,1.32401746725,2892,0.567058823529,1,152,True,1.32401746725,5844,14650fb0739d0383,363,0.0711764705882353,0.0711764705882
1.48401826484,100,0,755,7.55,0.125833333333,0,0,0,7,True,"additive_ltm,repair5g1_shield_c100_b125_w075_d100_beta0p35_max0p75,repair5g1_shield_c125_b125_w075_d095_beta0p2_max0p5,repair5g1_shield_c125_b125_w075_d095_beta0p35_max0p75,repair5g2_best_frozen_static_candidate,repair5g2_c_equiv_best_frozen_baseline,repair5g2_frozen_static_or_selector",7,6000,60,random-32-32-20|a100|s153|it0|repair5g55_counterfactual_static_context,1,2,2,0,0.1221001221,0,0,819,0,1,0,0,random-32-32-20,32,32,3246,0.2001953125,True,True,repair5g2_frozen_static_or_selector,-0.1748858447499999,-0.004109589040000028,repair5g1_shield_c100_b125_w075_d100_beta0p35_max0p75,1.30913242009,2754,0.459,1,153,False,1.31324200913,6755,14650fb0739d0383,381,0.0635,0.0635
1.39534883721,100,0,592,5.92,0.120816326531,0,0,0,7,True,"additive_ltm,repair5g1_shield_c100_b125_w075_d100_beta0p35_max0p75,repair5g1_shield_c125_b125_w075_d095_beta0p2_max0p5,repair5g1_shield_c125_b125_w075_d095_beta0p35_max0p75,repair5g2_best_frozen_static_candidate,repair5g2_c_equiv_best_frozen_baseline,repair5g2_frozen_static_or_selector",7,4900,49,random-32-32-20|a100|s154|it0|repair5g55_counterfactual_static_context,1,2,2,0,0.1221001221,0,0,819,0,1,0,0,random-32-32-20,32,32,2290,0.2001953125,True,True,repair5g2_frozen_static_or_selector,-0.09813953488000005,-0.005116279070000118,repair5g1_shield_c100_b125_w075_d100_beta0p35_max0p75,1.29720930233,2610,0.532653061224,1,154,False,1.3023255814,5492,14650fb0739d0383,271,0.05530612244897959,0.055306122449
1.4073736914,100,0,581,5.81,0.109622641509,0,0,0,7,True,"additive_ltm,repair5g1_shield_c100_b125_w075_d100_beta0p35_max0p75,repair5g1_shield_c125_b125_w075_d095_beta0p2_max0p5,repair5g1_shield_c125_b125_w075_d095_beta0p35_max0p75,repair5g2_best_frozen_static_candidate,repair5g2_c_equiv_best_frozen_baseline,repair5g2_frozen_static_or_selector",7,5300,53,random-32-32-20|a100|s155|it0|repair5g55_counterfactual_static_context,1,2,2,0,0.1221001221,0,0,819,0,1,0,0,random-32-32-20,32,32,2641,0.2001953125,True,True,repair5g2_frozen_static_or_selector,-0.1051433773399999,-0.032316795639999896,repair5g1_shield_c100_b125_w075_d100_beta0p35_max0p75,1.30223031406,2659,0.501698113208,1,155,False,1.3345471097,5881,14650fb0739d0383,261,0.04924528301886792,0.0492452830189
1.32035053554,50,0,190,3.8,0.0775510204082,0,0,0,7,True,"additive_ltm,repair5g1_shield_c100_b125_w075_d100_beta0p35_max0p75,repair5g1_shield_c125_b125_w075_d095_beta0p2_max0p5,repair5g1_shield_c125_b125_w075_d095_beta0p35_max0p75,repair5g2_best_frozen_static_candidate,repair5g2_c_equiv_best_frozen_baseline,repair5g2_frozen_static_or_selector",7,2450,49,random-32-32-20|a50|s146|it0|repair5g55_counterfactual_static_context,1,2,2,0,0.0610500610501,0,0,819,0,1,0,0,random-32-32-20,32,32,1255,0.2001953125,True,True,repair5g1_shield_c100_b125_w075_d100_beta0p35_max0p75,-0.1850048685500001,-0.02726387537000008,repair5g1_shield_c100_b125_w075_d100_beta0p35_max0p75,1.13534566699,1195,0.487755102041,1,146,False,1.16260954236,2640,14650fb0739d0383,74,0.030204081632653063,0.0302040816327
1.27801179444,50,0,128,2.56,0.055652173913,0,0,0,7,True,"additive_ltm,repair5g1_shield_c100_b125_w075_d100_beta0p35_max0p75,repair5g1_shield_c125_b125_w075_d095_beta0p2_max0p5,repair5g1_shield_c125_b125_w075_d095_beta0p35_max0p75,repair5g2_best_frozen_static_candidate,repair5g2_c_equiv_best_frozen_baseline,repair5g2_frozen_static_or_selector",7,2300,46,random-32-32-20|a50|s147|it0|repair5g55_counterfactual_static_context,1,2,2,0,0.0610500610501,0,0,819,0,1,0,0,random-32-32-20,32,32,1005,0.2001953125,True,True,repair5g1_shield_c100_b125_w075_d100_beta0p35_max0p75,-0.0918281381599999,-0.006739679859999903,repair5g1_shield_c100_b125_w075_d100_beta0p35_max0p75,1.18618365628,1295,0.563043478261,1,147,False,1.19292333614,2428,14650fb0739d0383,62,0.026956521739130435,0.0269565217391
1.24572457246,50,0,128,2.56,0.0501960784314,0,0,0,7,True,"additive_ltm,repair5g1_shield_c100_b125_w075_d100_beta0p35_max0p75,repair5g1_shield_c125_b125_w075_d095_beta0p2_max0p5,repair5g1_shield_c125_b125_w075_d095_beta0p35_max0p75,repair5g2_best_frozen_static_candidate,repair5g2_c_equiv_best_frozen_baseline,repair5g2_frozen_static_or_selector",7,2550,51,random-32-32-20|a50|s148|it0|repair5g55_counterfactual_static_context,1,2,2,0,0.0610500610501,0,0,819,0,1,0,0,random-32-32-20,32,32,1340,0.2001953125,True,True,repair5g1_shield_c100_b125_w075_d100_beta0p35_max0p75,-0.11701170116999982,-0.019801980200000013,repair5g1_shield_c100_b125_w075_d100_beta0p35_max0p75,1.12871287129,1210,0.474509803922,1,148,False,1.14851485149,2678,14650fb0739d0383,63,0.024705882352941175,0.0247058823529
1.31714285714,50,0,132,2.64,0.0586666666667,0,0,0,7,True,"additive_ltm,repair5g1_shield_c100_b125_w075_d100_beta0p35_max0p75,repair5g1_shield_c125_b125_w075_d095_beta0p2_max0p5,repair5g1_shield_c125_b125_w075_d095_beta0p35_max0p75,repair5g2_best_frozen_static_candidate,repair5g2_c_equiv_best_frozen_baseline,repair5g2_frozen_static_or_selector",7,2250,45,random-32-32-20|a50|s149|it0|repair5g55_counterfactual_static_context,1,2,2,0,0.0610500610501,0,0,819,0,1,0,0,random-32-32-20,32,32,1088,0.2001953125,True,True,repair5g1_shield_c100_b125_w075_d100_beta0p35_max0p75,-0.1580952380899998,-0.010476190469999924,repair5g1_shield_c100_b125_w075_d100_beta0p35_max0p75,1.15904761905,1162,0.516444444444,1,149,False,1.16952380952,2382,14650fb0739d0383,60,0.02666666666666667,0.0266666666667
1.10887772194,50,0,206,4.12,0.0564383561644,0,0,0,7,True,"additive_ltm,repair5g1_shield_c100_b125_w075_d100_beta0p35_max0p75,repair5g1_shield_c125_b125_w075_d095_beta0p2_max0p5,repair5g1_shield_c125_b125_w075_d095_beta0p35_max0p75,repair5g2_best_frozen_static_candidate,repair5g2_c_equiv_best_frozen_baseline,repair5g2_frozen_static_or_selector",7,3650,73,random-32-32-20|a50|s150|it0|repair5g55_counterfactual_static_context,1,2,2,0,0.0610500610501,0,0,819,0,1,0,0,random-32-32-20,32,32,2270,0.2001953125,True,True,repair5g1_shield_c100_b125_w075_d100_beta0p35_max0p75,-0.019262981569999837,-0.02596314907999986,repair5g1_shield_c100_b125_w075_d100_beta0p35_max0p75,1.08961474037,1380,0.378082191781,1,150,False,1.11557788945,3856,14650fb0739d0383,101,0.027671232876712328,0.0276712328767
1.3627954779,50,0,146,2.92,0.0695238095238,0,0,0,7,True,"additive_ltm,repair5g1_shield_c100_b125_w075_d100_beta0p35_max0p75,repair5g1_shield_c125_b125_w075_d095_beta0p2_max0p5,repair5g1_shield_c125_b125_w075_d095_beta0p35_max0p75,repair5g2_best_frozen_static_candidate,repair5g2_c_equiv_best_frozen_baseline,repair5g2_frozen_static_or_selector",7,2100,42,random-32-32-20|a50|s151|it0|repair5g55_counterfactual_static_context,1,2,2,0,0.0610500610501,0,0,819,0,1,0,0,random-32-32-20,32,32,993,0.2001953125,True,True,repair5g1_shield_c100_b125_w075_d100_beta0p35_max0p75,-0.17882836588000006,-0.015416238440000063,repair5g1_shield_c100_b125_w075_d100_beta0p35_max0p75,1.18396711202,1107,0.527142857143,1,151,False,1.19938335046,2246,14650fb0739d0383,64,0.030476190476190476,0.0304761904762
1.39391377853,50,0,223,4.46,0.101363636364,0,0,0,7,True,"additive_ltm,repair5g1_shield_c100_b125_w075_d100_beta0p35_max0p75,repair5g1_shield_c125_b125_w075_d095_beta0p2_max0p5,repair5g1_shield_c125_b125_w075_d095_beta0p35_max0p75,repair5g2_best_frozen_static_candidate,repair5g2_c_equiv_best_frozen_baseline,repair5g2_frozen_static_or_selector",7,2200,44,random-32-32-20|a50|s152|it0|repair5g55_counterfactual_static_context,1,2,2,0,0.0610500610501,0,0,819,0,1,0,0,random-32-32-20,32,32,809,0.2001953125,True,True,repair5g1_shield_c100_b125_w075_d100_beta0p35_max0p75,-0.24513947591000007,-0.002535925610000156,repair5g1_shield_c100_b125_w075_d100_beta0p35_max0p75,1.14877430262,1391,0.632272727273,1,152,False,1.15131022823,2423,14650fb0739d0383,108,0.04909090909090909,0.0490909090909
1.26528776978,50,0,182,3.64,0.0713725490196,0,0,0,7,True,"additive_ltm,repair5g1_shield_c100_b125_w075_d100_beta0p35_max0p75,repair5g1_shield_c125_b125_w075_d095_beta0p2_max0p5,repair5g1_shield_c125_b125_w075_d095_beta0p35_max0p75,repair5g2_best_frozen_static_candidate,repair5g2_c_equiv_best_frozen_baseline,repair5g2_frozen_static_or_selector",7,2550,51,random-32-32-20|a50|s153|it0|repair5g55_counterfactual_static_context,1,2,2,0,0.0610500610501,0,0,819,0,1,0,0,random-32-32-20,32,32,1292,0.2001953125,True,True,repair5g1_shield_c100_b125_w075_d100_beta0p35_max0p75,-0.0728417266100001,-0.05845323741000019,repair5g1_shield_c100_b125_w075_d100_beta0p35_max0p75,1.19244604317,1258,0.493333333333,1,153,False,1.25089928058,2732,14650fb0739d0383,88,0.034509803921568626,0.0345098039216
1.33097165992,50,0,93,1.86,0.0442857142857,0,0,0,7,True,"additive_ltm,repair5g1_shield_c100_b125_w075_d100_beta0p35_max0p75,repair5g1_shield_c125_b125_w075_d095_beta0p2_max0p5,repair5g1_shield_c125_b125_w075_d095_beta0p35_max0p75,repair5g2_best_frozen_static_candidate,repair5g2_c_equiv_best_frozen_baseline,repair5g2_frozen_static_or_selector",7,2100,42,random-32-32-20|a50|s154|it0|repair5g55_counterfactual_static_context,1,2,2,0,0.0610500610501,0,0,819,0,1,0,0,random-32-32-20,32,32,1038,0.2001953125,True,True,repair5g1_shield_c100_b125_w075_d100_beta0p35_max0p75,-0.1589068825900002,-0.017206477730000058,repair5g1_shield_c100_b125_w075_d100_beta0p35_max0p75,1.17206477733,1062,0.505714285714,1,154,False,1.18927125506,2193,14650fb0739d0383,40,0.01904761904761905,0.0190476190476
1.27879341865,50,0,150,3,0.0566037735849,0,0,0,7,True,"additive_ltm,repair5g1_shield_c100_b125_w075_d100_beta0p35_max0p75,repair5g1_shield_c125_b125_w075_d095_beta0p2_max0p5,repair5g1_shield_c125_b125_w075_d095_beta0p35_max0p75,repair5g2_best_frozen_static_candidate,repair5g2_c_equiv_best_frozen_baseline,repair5g2_frozen_static_or_selector",7,2650,53,random-32-32-20|a50|s155|it0|repair5g55_counterfactual_static_context,1,2,2,0,0.0610500610501,0,0,819,0,1,0,0,random-32-32-20,32,32,1440,0.2001953125,True,False,repair5g2_best_frozen_static_candidate,-0.12797074954999998,0.0,repair5g1_shield_c125_b125_w075_d095_beta0p35_max0p75,1.1508226691,1210,0.456603773585,1,155,True,1.1508226691,2800,14650fb0739d0383,69,0.026037735849056602,0.0260377358491
,100,0,1504,15.04,0.076345177665,0,0,0,7,True,"additive_ltm,repair5g1_shield_c100_b125_w075_d100_beta0p35_max0p75,repair5g1_shield_c125_b125_w075_d095_beta0p2_max0p5,repair5g1_shield_c125_b125_w075_d095_beta0p35_max0p75,repair5g2_best_frozen_static_candidate,repair5g2_c_equiv_best_frozen_baseline,repair5g2_frozen_static_or_selector",7,19700,197,warehouse-10-20-10-2-1|a100|s146|it0|repair5g55_counterfactual_static_context,1,2,2,0,0.0175469380593,0,0,5699,0,1,0,0,warehouse-10-20-10-2-1,63,161,9342,0.43813467416,False,False,,,,,,10358,0.52578680203,1,146,False,,21204,14650fb0739d0383,737,0.03741116751269036,0.0374111675127
,100,0,1481,14.81,0.0744221105528,0,0,0,7,True,"additive_ltm,repair5g1_shield_c100_b125_w075_d100_beta0p35_max0p75,repair5g1_shield_c125_b125_w075_d095_beta0p2_max0p5,repair5g1_shield_c125_b125_w075_d095_beta0p35_max0p75,repair5g2_best_frozen_static_candidate,repair5g2_c_equiv_best_frozen_baseline,repair5g2_frozen_static_or_selector",7,19900,199,warehouse-10-20-10-2-1|a100|s147|it0|repair5g55_counterfactual_static_context,1,2,2,0,0.0175469380593,0,0,5699,0,1,0,0,warehouse-10-20-10-2-1,63,161,9180,0.43813467416,False,False,,,,,,10720,0.538693467337,1,147,False,,21381,14650fb0739d0383,718,0.03608040201005025,0.0360804020101
,100,0,1458,14.58,0.0755440414508,0,0,0,7,True,"additive_ltm,repair5g1_shield_c100_b125_w075_d100_beta0p35_max0p75,repair5g1_shield_c125_b125_w075_d095_beta0p2_max0p5,repair5g1_shield_c125_b125_w075_d095_beta0p35_max0p75,repair5g2_best_frozen_static_candidate,repair5g2_c_equiv_best_frozen_baseline,repair5g2_frozen_static_or_selector",7,19300,193,warehouse-10-20-10-2-1|a100|s148|it0|repair5g55_counterfactual_static_context,1,2,2,0,0.0175469380593,0,0,5699,0,1,0,0,warehouse-10-20-10-2-1,63,161,8606,0.43813467416,False,False,,,,,,10694,0.554093264249,1,148,False,,20758,14650fb0739d0383,736,0.038134715025906735,0.0381347150259
,100,0,1185,11.85,0.0669491525424,0,0,0,7,True,"additive_ltm,repair5g1_shield_c100_b125_w075_d100_beta0p35_max0p75,repair5g1_shield_c125_b125_w075_d095_beta0p2_max0p5,repair5g1_shield_c125_b125_w075_d095_beta0p35_max0p75,repair5g2_best_frozen_static_candidate,repair5g2_c_equiv_best_frozen_baseline,repair5g2_frozen_static_or_selector",7,17700,177,warehouse-10-20-10-2-1|a100|s149|it0|repair5g55_counterfactual_static_context,1,2,2,0,0.0175469380593,0,0,5699,0,1,0,0,warehouse-10-20-10-2-1,63,161,8422,0.43813467416,False,False,,,,,,9278,0.52418079096,1,149,False,,18885,14650fb0739d0383,585,0.03305084745762712,0.0330508474576
,100,0,1204,12.04,0.0578846153846,0,0,0,7,True,"additive_ltm,repair5g1_shield_c100_b125_w075_d100_beta0p35_max0p75,repair5g1_shield_c125_b125_w075_d095_beta0p2_max0p5,repair5g1_shield_c125_b125_w075_d095_beta0p35_max0p75,repair5g2_best_frozen_static_candidate,repair5g2_c_equiv_best_frozen_baseline,repair5g2_frozen_static_or_selector",7,20800,208,warehouse-10-20-10-2-1|a100|s150|it0|repair5g55_counterfactual_static_context,1,2,2,0,0.0175469380593,0,0,5699,0,1,0,0,warehouse-10-20-10-2-1,63,161,11356,0.43813467416,False,False,,,,,,9444,0.454038461538,1,150,False,,22004,14650fb0739d0383,582,0.02798076923076923,0.0279807692308
,100,0,1667,16.67,0.0891443850267,0,0,0,7,True,"additive_ltm,repair5g1_shield_c100_b125_w075_d100_beta0p35_max0p75,repair5g1_shield_c125_b125_w075_d095_beta0p2_max0p5,repair5g1_shield_c125_b125_w075_d095_beta0p35_max0p75,repair5g2_best_frozen_static_candidate,repair5g2_c_equiv_best_frozen_baseline,repair5g2_frozen_static_or_selector",7,18700,187,warehouse-10-20-10-2-1|a100|s151|it0|repair5g55_counterfactual_static_context,1,2,2,0,0.0175469380593,0,0,5699,0,1,0,0,warehouse-10-20-10-2-1,63,161,8890,0.43813467416,False,False,,,,,,9810,0.524598930481,1,151,False,,20367,14650fb0739d0383,824,0.044064171122994655,0.044064171123
,100,0,911,9.11,0.0457788944724,0,0,0,7,True,"additive_ltm,repair5g1_shield_c100_b125_w075_d100_beta0p35_max0p75,repair5g1_shield_c125_b125_w075_d095_beta0p2_max0p5,repair5g1_shield_c125_b125_w075_d095_beta0p35_max0p75,repair5g2_best_frozen_static_candidate,repair5g2_c_equiv_best_frozen_baseline,repair5g2_frozen_static_or_selector",7,19900,199,warehouse-10-20-10-2-1|a100|s152|it0|repair5g55_counterfactual_static_context,1,2,2,0,0.0175469380593,0,0,5699,0,1,0,0,warehouse-10-20-10-2-1,63,161,11651,0.43813467416,False,False,,,,,,8249,0.414522613065,1,152,False,,20811,14650fb0739d0383,441,0.022160804020100504,0.0221608040201
,100,0,1037,10.37,0.0523737373737,0,0,0,7,True,"additive_ltm,repair5g1_shield_c100_b125_w075_d100_beta0p35_max0p75,repair5g1_shield_c125_b125_w075_d095_beta0p2_max0p5,repair5g1_shield_c125_b125_w075_d095_beta0p35_max0p75,repair5g2_best_frozen_static_candidate,repair5g2_c_equiv_best_frozen_baseline,repair5g2_frozen_static_or_selector",7,19800,198,warehouse-10-20-10-2-1|a100|s153|it0|repair5g55_counterfactual_static_context,1,2,2,0,0.0175469380593,0,0,5699,0,1,0,0,warehouse-10-20-10-2-1,63,161,11138,0.43813467416,False,False,,,,,,8662,0.437474747475,1,153,False,,20837,14650fb0739d0383,504,0.025454545454545455,0.0254545454545
,100,0,1621,16.21,0.0733484162896,0,0,0,7,True,"additive_ltm,repair5g1_shield_c100_b125_w075_d100_beta0p35_max0p75,repair5g1_shield_c125_b125_w075_d095_beta0p2_max0p5,repair5g1_shield_c125_b125_w075_d095_beta0p35_max0p75,repair5g2_best_frozen_static_candidate,repair5g2_c_equiv_best_frozen_baseline,repair5g2_frozen_static_or_selector",7,22100,221,warehouse-10-20-10-2-1|a100|s154|it0|repair5g55_counterfactual_static_context,1,2,2,0,0.0175469380593,0,0,5699,0,1,0,0,warehouse-10-20-10-2-1,63,161,12582,0.43813467416,False,False,,,,,,9518,0.430678733032,1,154,False,,23721,14650fb0739d0383,808,0.03656108597285068,0.0365610859729
,100,0,1461,14.61,0.0737878787879,0,0,0,7,True,"additive_ltm,repair5g1_shield_c100_b125_w075_d100_beta0p35_max0p75,repair5g1_shield_c125_b125_w075_d095_beta0p2_max0p5,repair5g1_shield_c125_b125_w075_d095_beta0p35_max0p75,repair5g2_best_frozen_static_candidate,repair5g2_c_equiv_best_frozen_baseline,repair5g2_frozen_static_or_selector",7,19800,198,warehouse-10-20-10-2-1|a100|s155|it0|repair5g55_counterfactual_static_context,1,2,2,0,0.0175469380593,0,0,5699,0,1,0,0,warehouse-10-20-10-2-1,63,161,10246,0.43813467416,False,False,,,,,,9554,0.482525252525,1,155,False,,21261,14650fb0739d0383,713,0.03601010101010101,0.0360101010101
,50,0,613,12.26,0.0506611570248,0,0,0,7,True,"additive_ltm,repair5g1_shield_c100_b125_w075_d100_beta0p35_max0p75,repair5g1_shield_c125_b125_w075_d095_beta0p2_max0p5,repair5g1_shield_c125_b125_w075_d095_beta0p35_max0p75,repair5g2_best_frozen_static_candidate,repair5g2_c_equiv_best_frozen_baseline,repair5g2_frozen_static_or_selector",7,12100,242,warehouse-10-20-10-2-1|a50|s146|it0|repair5g55_counterfactual_static_context,1,2,2,0,0.00877346902965,0,0,5699,0,1,0,0,warehouse-10-20-10-2-1,63,161,6680,0.43813467416,False,False,,,,,,5420,0.447933884298,1,146,False,,12713,14650fb0739d0383,295,0.024380165289256198,0.0243801652893
,50,0,276,5.52,0.0303296703297,0,0,0,7,True,"additive_ltm,repair5g1_shield_c100_b125_w075_d100_beta0p35_max0p75,repair5g1_shield_c125_b125_w075_d095_beta0p2_max0p5,repair5g1_shield_c125_b125_w075_d095_beta0p35_max0p75,repair5g2_best_frozen_static_candidate,repair5g2_c_equiv_best_frozen_baseline,repair5g2_frozen_static_or_selector",7,9100,182,warehouse-10-20-10-2-1|a50|s147|it0|repair5g55_counterfactual_static_context,1,2,2,0,0.00877346902965,0,0,5699,0,1,0,0,warehouse-10-20-10-2-1,63,161,4519,0.43813467416,False,False,,,,,,4581,0.503406593407,1,147,False,,10675,14650fb0739d0383,131,0.014395604395604396,0.0143956043956
,50,0,438,8.76,0.0453886010363,0,0,0,7,True,"additive_ltm,repair5g1_shield_c100_b125_w075_d100_beta0p35_max0p75,repair5g1_shield_c125_b125_w075_d095_beta0p2_max0p5,repair5g1_shield_c125_b125_w075_d095_beta0p35_max0p75,repair5g2_best_frozen_static_candidate,repair5g2_c_equiv_best_frozen_baseline,repair5g2_frozen_static_or_selector",7,9650,193,warehouse-10-20-10-2-1|a50|s148|it0|repair5g55_counterfactual_static_context,1,2,2,0,0.00877346902965,0,0,5699,0,1,0,0,warehouse-10-20-10-2-1,63,161,4587,0.43813467416,False,False,,,,,,5063,0.524663212435,1,148,False,,11075,14650fb0739d0383,216,0.02238341968911917,0.0223834196891
,50,0,179,3.58,0.0202259887006,0,0,0,7,True,"additive_ltm,repair5g1_shield_c100_b125_w075_d100_beta0p35_max0p75,repair5g1_shield_c125_b125_w075_d095_beta0p2_max0p5,repair5g1_shield_c125_b125_w075_d095_beta0p35_max0p75,repair5g2_best_frozen_static_candidate,repair5g2_c_equiv_best_frozen_baseline,repair5g2_frozen_static_or_selector",7,8850,177,warehouse-10-20-10-2-1|a50|s149|it0|repair5g55_counterfactual_static_context,1,2,2,0,0.00877346902965,0,0,5699,0,1,0,0,warehouse-10-20-10-2-1,63,161,4738,0.43813467416,False,False,,,,,,4112,0.464632768362,1,149,False,,9029,14650fb0739d0383,84,0.009491525423728813,0.00949152542373
,50,0,363,7.26,0.0407865168539,0,0,0,7,True,"additive_ltm,repair5g1_shield_c100_b125_w075_d100_beta0p35_max0p75,repair5g1_shield_c125_b125_w075_d095_beta0p2_max0p5,repair5g1_shield_c125_b125_w075_d095_beta0p35_max0p75,repair5g2_best_frozen_static_candidate,repair5g2_c_equiv_best_frozen_baseline,repair5g2_frozen_static_or_selector",7,8900,178,warehouse-10-20-10-2-1|a50|s150|it0|repair5g55_counterfactual_static_context,1,2,2,0,0.00877346902965,0,0,5699,0,1,0,0,warehouse-10-20-10-2-1,63,161,4248,0.43813467416,False,False,,,,,,4652,0.522696629213,1,150,False,,9263,14650fb0739d0383,175,0.019662921348314606,0.0196629213483
,50,0,559,11.18,0.0624581005587,0,0,0,7,True,"additive_ltm,repair5g1_shield_c100_b125_w075_d100_beta0p35_max0p75,repair5g1_shield_c125_b125_w075_d095_beta0p2_max0p5,repair5g1_shield_c125_b125_w075_d095_beta0p35_max0p75,repair5g2_best_frozen_static_candidate,repair5g2_c_equiv_best_frozen_baseline,repair5g2_frozen_static_or_selector",7,8950,179,warehouse-10-20-10-2-1|a50|s151|it0|repair5g55_counterfactual_static_context,1,2,2,0,0.00877346902965,0,0,5699,0,1,0,0,warehouse-10-20-10-2-1,63,161,4037,0.43813467416,False,False,,,,,,4913,0.548938547486,1,151,False,,9039,14650fb0739d0383,279,0.0311731843575419,0.0311731843575
,50,0,252,5.04,0.0296470588235,0,0,0,7,True,"additive_ltm,repair5g1_shield_c100_b125_w075_d100_beta0p35_max0p75,repair5g1_shield_c125_b125_w075_d095_beta0p2_max0p5,repair5g1_shield_c125_b125_w075_d095_beta0p35_max0p75,repair5g2_best_frozen_static_candidate,repair5g2_c_equiv_best_frozen_baseline,repair5g2_frozen_static_or_selector",7,8500,170,warehouse-10-20-10-2-1|a50|s152|it0|repair5g55_counterfactual_static_context,1,2,2,0,0.00877346902965,0,0,5699,0,1,0,0,warehouse-10-20-10-2-1,63,161,4997,0.43813467416,False,False,,,,,,3503,0.412117647059,1,152,False,,8752,14650fb0739d0383,122,0.014352941176470587,0.0143529411765
,50,0,298,5.96,0.030101010101,0,0,0,7,True,"additive_ltm,repair5g1_shield_c100_b125_w075_d100_beta0p35_max0p75,repair5g1_shield_c125_b125_w075_d095_beta0p2_max0p5,repair5g1_shield_c125_b125_w075_d095_beta0p35_max0p75,repair5g2_best_frozen_static_candidate,repair5g2_c_equiv_best_frozen_baseline,repair5g2_frozen_static_or_selector",7,9900,198,warehouse-10-20-10-2-1|a50|s153|it0|repair5g55_counterfactual_static_context,1,2,2,0,0.00877346902965,0,0,5699,0,1,0,0,warehouse-10-20-10-2-1,63,161,5726,0.43813467416,False,False,,,,,,4174,0.421616161616,1,153,False,,10054,14650fb0739d0383,138,0.013939393939393939,0.0139393939394
,50,0,456,9.12,0.0485106382979,0,0,0,7,True,"additive_ltm,repair5g1_shield_c100_b125_w075_d100_beta0p35_max0p75,repair5g1_shield_c125_b125_w075_d095_beta0p2_max0p5,repair5g1_shield_c125_b125_w075_d095_beta0p35_max0p75,repair5g2_best_frozen_static_candidate,repair5g2_c_equiv_best_frozen_baseline,repair5g2_frozen_static_or_selector",7,9400,188,warehouse-10-20-10-2-1|a50|s154|it0|repair5g55_counterfactual_static_context,1,2,2,0,0.00877346902965,0,0,5699,0,1,0,0,warehouse-10-20-10-2-1,63,161,5323,0.43813467416,False,False,,,,,,4077,0.433723404255,1,154,False,,9856,14650fb0739d0383,220,0.023404255319148935,0.0234042553191
,50,0,228,4.56,0.0232653061224,0,0,0,7,True,"additive_ltm,repair5g1_shield_c100_b125_w075_d100_beta0p35_max0p75,repair5g1_shield_c125_b125_w075_d095_beta0p2_max0p5,repair5g1_shield_c125_b125_w075_d095_beta0p35_max0p75,repair5g2_best_frozen_static_candidate,repair5g2_c_equiv_best_frozen_baseline,repair5g2_frozen_static_or_selector",7,9800,196,warehouse-10-20-10-2-1|a50|s155|it0|repair5g55_counterfactual_static_context,1,2,2,0,0.00877346902965,0,0,5699,0,1,0,0,warehouse-10-20-10-2-1,63,161,5427,0.43813467416,False,False,,,,,,4373,0.446224489796,1,155,False,,10028,14650fb0739d0383,109,0.011122448979591837,0.0111224489796
