region_id,candidate_id,map_family,budget_ms,agents,region_status,safe_region,useful_safe_region,best_deployable_static_fallback,vs_static_flow_pairs,vs_static_flow_success_regression_count,vs_static_flow_success_gain_count,vs_static_flow_both_fail_count,vs_static_flow_quality_only_pairs,vs_static_flow_quality_only_mean_delta,vs_static_flow_quality_only_median_delta,vs_static_flow_quality_ci_low,vs_static_flow_quality_ci_high,vs_static_flow_mean_corrected_delta,vs_static_flow_better_count,vs_static_flow_equal_count,vs_static_flow_worse_count,vs_static_flow_safe_high_margin_count,vs_static_flow_safe_low_margin_count,vs_family_static_pairs,vs_family_static_success_regression_count,vs_family_static_success_gain_count,vs_family_static_both_fail_count,vs_family_static_quality_only_pairs,vs_family_static_quality_only_mean_delta,vs_family_static_quality_only_median_delta,vs_family_static_quality_ci_low,vs_family_static_quality_ci_high,vs_family_static_mean_corrected_delta,vs_family_static_better_count,vs_family_static_equal_count,vs_family_static_worse_count,vs_family_static_safe_high_margin_count,vs_family_static_safe_low_margin_count,phase5p5_allowed,phase6_allowed,runtime_claim_allowed,learned_runtime_policy_validated,aaai_ready
repair5g539_s1_000|maze|1000|50,repair5g539_s1_000,maze,1000,50,boundary,False,False,static_flow_shield,2,0,0,0,2,0,0,0,0,0,0,2,0,0,0,2,0,0,0,2,0,0,0,0,0,0,2,0,0,0,False,False,False,False,False
repair5g539_s1_000|maze|500|100,repair5g539_s1_000,maze,500,100,boundary,False,False,static_flow_shield,2,0,0,2,0,0,0,0,0,0,0,0,0,0,0,2,0,0,2,0,0,0,0,0,0,0,0,0,0,0,False,False,False,False,False
repair5g539_s1_000|maze|500|50,repair5g539_s1_000,maze,500,50,boundary,False,False,static_flow_shield,2,0,0,0,2,0,0,0,0,0,0,2,0,0,0,2,0,0,0,2,0,0,0,0,0,0,2,0,0,0,False,False,False,False,False
repair5g539_s1_000|random|500|100,repair5g539_s1_000,random,500,100,boundary,False,False,static_flow_shield,2,0,0,0,2,0,0,0,0,0,0,2,0,0,0,2,0,0,0,2,0,0,0,0,0,0,2,0,0,0,False,False,False,False,False
repair5g539_s1_000|warehouse|2000|100,repair5g539_s1_000,warehouse,2000,100,boundary,False,False,static_flow_shield,2,0,0,2,0,0,0,0,0,0,0,0,0,0,0,2,0,0,2,0,0,0,0,0,0,0,0,0,0,0,False,False,False,False,False
repair5g539_s1_000|warehouse|2000|50,repair5g539_s1_000,warehouse,2000,50,boundary,False,False,static_flow_shield,2,0,0,0,2,0,0,0,0,0,0,2,0,0,0,2,0,0,0,2,0,0,0,0,0,0,2,0,0,0,False,False,False,False,False
repair5g539_s1_001|maze|1000|50,repair5g539_s1_001,maze,1000,50,boundary,False,False,static_flow_shield,2,0,0,0,2,0,0,0,0,0,0,2,0,0,0,2,0,0,0,2,0,0,0,0,0,0,2,0,0,0,False,False,False,False,False
repair5g539_s1_001|maze|500|100,repair5g539_s1_001,maze,500,100,boundary,False,False,static_flow_shield,2,0,0,2,0,0,0,0,0,0,0,0,0,0,0,2,0,0,2,0,0,0,0,0,0,0,0,0,0,0,False,False,False,False,False
repair5g539_s1_001|maze|500|50,repair5g539_s1_001,maze,500,50,boundary,False,False,static_flow_shield,2,0,0,0,2,0,0,0,0,0,0,2,0,0,0,2,0,0,0,2,0,0,0,0,0,0,2,0,0,0,False,False,False,False,False
repair5g539_s1_001|random|2000|100,repair5g539_s1_001,random,2000,100,boundary,False,False,static_flow_shield,2,0,0,0,2,0,0,0,0,0,0,2,0,0,0,2,0,0,0,2,0,0,0,0,0,0,2,0,0,0,False,False,False,False,False
repair5g539_s1_001|random|500|100,repair5g539_s1_001,random,500,100,boundary,False,False,static_flow_shield,2,0,0,0,2,0,0,0,0,0,0,2,0,0,0,2,0,0,0,2,0,0,0,0,0,0,2,0,0,0,False,False,False,False,False
repair5g539_s1_001|warehouse|2000|100,repair5g539_s1_001,warehouse,2000,100,boundary,False,False,static_flow_shield,2,0,0,2,0,0,0,0,0,0,0,0,0,0,0,2,0,0,2,0,0,0,0,0,0,0,0,0,0,0,False,False,False,False,False
repair5g539_s1_001|warehouse|2000|50,repair5g539_s1_001,warehouse,2000,50,boundary,False,False,static_flow_shield,2,0,0,0,2,0,0,0,0,0,0,2,0,0,0,2,0,0,0,2,0,0,0,0,0,0,2,0,0,0,False,False,False,False,False
repair5g539_s1_002|maze|1000|50,repair5g539_s1_002,maze,1000,50,boundary,False,False,static_flow_shield,2,0,0,0,2,0,0,0,0,0,0,2,0,0,0,2,0,0,0,2,0,0,0,0,0,0,2,0,0,0,False,False,False,False,False
repair5g539_s1_002|maze|500|100,repair5g539_s1_002,maze,500,100,boundary,False,False,static_flow_shield,2,0,0,2,0,0,0,0,0,0,0,0,0,0,0,2,0,0,2,0,0,0,0,0,0,0,0,0,0,0,False,False,False,False,False
repair5g539_s1_002|maze|500|50,repair5g539_s1_002,maze,500,50,boundary,False,False,static_flow_shield,2,0,0,0,2,0,0,0,0,0,0,2,0,0,0,2,0,0,0,2,0,0,0,0,0,0,2,0,0,0,False,False,False,False,False
repair5g539_s1_002|random|500|100,repair5g539_s1_002,random,500,100,boundary,False,False,static_flow_shield,2,0,0,0,2,0,0,0,0,0,0,2,0,0,0,2,0,0,0,2,0,0,0,0,0,0,2,0,0,0,False,False,False,False,False
repair5g539_s1_002|warehouse|2000|100,repair5g539_s1_002,warehouse,2000,100,boundary,False,False,static_flow_shield,2,0,0,2,0,0,0,0,0,0,0,0,0,0,0,2,0,0,2,0,0,0,0,0,0,0,0,0,0,0,False,False,False,False,False
repair5g539_s1_002|warehouse|2000|50,repair5g539_s1_002,warehouse,2000,50,boundary,False,False,static_flow_shield,2,0,0,0,2,0,0,0,0,0,0,2,0,0,0,2,0,0,0,2,0,0,0,0,0,0,2,0,0,0,False,False,False,False,False
repair5g539_s1_003|maze|1000|50,repair5g539_s1_003,maze,1000,50,boundary,False,False,static_flow_shield,2,0,0,0,2,0,0,0,0,0,0,2,0,0,0,2,0,0,0,2,0,0,0,0,0,0,2,0,0,0,False,False,False,False,False
repair5g539_s1_003|maze|500|100,repair5g539_s1_003,maze,500,100,boundary,False,False,static_flow_shield,2,0,0,2,0,0,0,0,0,0,0,0,0,0,0,2,0,0,2,0,0,0,0,0,0,0,0,0,0,0,False,False,False,False,False
repair5g539_s1_003|maze|500|50,repair5g539_s1_003,maze,500,50,boundary,False,False,static_flow_shield,2,0,0,0,2,0,0,0,0,0,0,2,0,0,0,2,0,0,0,2,0,0,0,0,0,0,2,0,0,0,False,False,False,False,False
repair5g539_s1_003|random|500|100,repair5g539_s1_003,random,500,100,boundary,False,False,static_flow_shield,2,0,0,0,2,0,0,0,0,0,0,2,0,0,0,2,0,0,0,2,0,0,0,0,0,0,2,0,0,0,False,False,False,False,False
repair5g539_s1_003|warehouse|2000|100,repair5g539_s1_003,warehouse,2000,100,boundary,False,False,static_flow_shield,2,0,0,2,0,0,0,0,0,0,0,0,0,0,0,2,0,0,2,0,0,0,0,0,0,0,0,0,0,0,False,False,False,False,False
repair5g539_s1_003|warehouse|2000|50,repair5g539_s1_003,warehouse,2000,50,boundary,False,False,static_flow_shield,2,0,0,0,2,0,0,0,0,0,0,2,0,0,0,2,0,0,0,2,0,0,0,0,0,0,2,0,0,0,False,False,False,False,False
repair5g539_s2_080|maze|1000|50,repair5g539_s2_080,maze,1000,50,boundary,False,False,static_flow_shield,2,0,0,0,2,0,0,0,0,0,0,2,0,0,0,2,0,0,0,2,0,0,0,0,0,0,2,0,0,0,False,False,False,False,False
repair5g539_s2_080|maze|500|100,repair5g539_s2_080,maze,500,100,boundary,False,False,static_flow_shield,2,0,0,2,0,0,0,0,0,0,0,0,0,0,0,2,0,0,2,0,0,0,0,0,0,0,0,0,0,0,False,False,False,False,False
repair5g539_s2_080|maze|500|50,repair5g539_s2_080,maze,500,50,boundary,False,False,static_flow_shield,2,0,0,0,2,0,0,0,0,0,0,2,0,0,0,2,0,0,0,2,0,0,0,0,0,0,2,0,0,0,False,False,False,False,False
repair5g539_s2_080|random|500|100,repair5g539_s2_080,random,500,100,boundary,False,False,static_flow_shield,2,0,0,0,2,0,0,0,0,0,0,2,0,0,0,2,0,0,0,2,0,0,0,0,0,0,2,0,0,0,False,False,False,False,False
repair5g539_s2_080|warehouse|2000|100,repair5g539_s2_080,warehouse,2000,100,boundary,False,False,static_flow_shield,2,0,0,2,0,0,0,0,0,0,0,0,0,0,0,2,0,0,2,0,0,0,0,0,0,0,0,0,0,0,False,False,False,False,False
repair5g539_s2_080|warehouse|2000|50,repair5g539_s2_080,warehouse,2000,50,boundary,False,False,static_flow_shield,2,0,0,0,2,0,0,0,0,0,0,2,0,0,0,2,0,0,0,2,0,0,0,0,0,0,2,0,0,0,False,False,False,False,False
repair5g539_s2_081|maze|1000|50,repair5g539_s2_081,maze,1000,50,boundary,False,False,static_flow_shield,2,0,0,0,2,0,0,0,0,0,0,2,0,0,0,2,0,0,0,2,0,0,0,0,0,0,2,0,0,0,False,False,False,False,False
repair5g539_s2_081|maze|500|100,repair5g539_s2_081,maze,500,100,boundary,False,False,static_flow_shield,2,0,0,2,0,0,0,0,0,0,0,0,0,0,0,2,0,0,2,0,0,0,0,0,0,0,0,0,0,0,False,False,False,False,False
repair5g539_s2_081|maze|500|50,repair5g539_s2_081,maze,500,50,boundary,False,False,static_flow_shield,2,0,0,0,2,0,0,0,0,0,0,2,0,0,0,2,0,0,0,2,0,0,0,0,0,0,2,0,0,0,False,False,False,False,False
repair5g539_s2_081|random|500|100,repair5g539_s2_081,random,500,100,boundary,False,False,static_flow_shield,2,0,0,0,2,0,0,0,0,0,0,2,0,0,0,2,0,0,0,2,0,0,0,0,0,0,2,0,0,0,False,False,False,False,False
repair5g539_s2_081|warehouse|2000|100,repair5g539_s2_081,warehouse,2000,100,boundary,False,False,static_flow_shield,2,0,0,2,0,0,0,0,0,0,0,0,0,0,0,2,0,0,2,0,0,0,0,0,0,0,0,0,0,0,False,False,False,False,False
repair5g539_s2_081|warehouse|2000|50,repair5g539_s2_081,warehouse,2000,50,boundary,False,False,static_flow_shield,2,0,0,0,2,0,0,0,0,0,0,2,0,0,0,2,0,0,0,2,0,0,0,0,0,0,2,0,0,0,False,False,False,False,False
repair5g539_s3_112|maze|1000|50,repair5g539_s3_112,maze,1000,50,boundary,False,False,static_flow_shield,2,0,0,0,2,0,0,0,0,0,0,2,0,0,0,2,0,0,0,2,0,0,0,0,0,0,2,0,0,0,False,False,False,False,False
repair5g539_s3_112|maze|500|100,repair5g539_s3_112,maze,500,100,boundary,False,False,static_flow_shield,2,0,0,2,0,0,0,0,0,0,0,0,0,0,0,2,0,0,2,0,0,0,0,0,0,0,0,0,0,0,False,False,False,False,False
repair5g539_s3_112|maze|500|50,repair5g539_s3_112,maze,500,50,boundary,False,False,static_flow_shield,2,0,0,0,2,0,0,0,0,0,0,2,0,0,0,2,0,0,0,2,0,0,0,0,0,0,2,0,0,0,False,False,False,False,False
repair5g539_s3_112|random|500|100,repair5g539_s3_112,random,500,100,boundary,False,False,static_flow_shield,2,0,0,0,2,0,0,0,0,0,0,2,0,0,0,2,0,0,0,2,0,0,0,0,0,0,2,0,0,0,False,False,False,False,False
repair5g539_s3_112|warehouse|2000|100,repair5g539_s3_112,warehouse,2000,100,boundary,False,False,static_flow_shield,2,0,0,2,0,0,0,0,0,0,0,0,0,0,0,2,0,0,2,0,0,0,0,0,0,0,0,0,0,0,False,False,False,False,False
repair5g539_s3_112|warehouse|2000|50,repair5g539_s3_112,warehouse,2000,50,boundary,False,False,static_flow_shield,2,0,0,0,2,0,0,0,0,0,0,2,0,0,0,2,0,0,0,2,0,0,0,0,0,0,2,0,0,0,False,False,False,False,False
repair5g539_s3_113|maze|1000|50,repair5g539_s3_113,maze,1000,50,boundary,False,False,static_flow_shield,2,0,0,0,2,0,0,0,0,0,0,2,0,0,0,2,0,0,0,2,0,0,0,0,0,0,2,0,0,0,False,False,False,False,False
repair5g539_s3_113|maze|500|100,repair5g539_s3_113,maze,500,100,boundary,False,False,static_flow_shield,2,0,0,2,0,0,0,0,0,0,0,0,0,0,0,2,0,0,2,0,0,0,0,0,0,0,0,0,0,0,False,False,False,False,False
repair5g539_s3_113|maze|500|50,repair5g539_s3_113,maze,500,50,boundary,False,False,static_flow_shield,2,0,0,0,2,0,0,0,0,0,0,2,0,0,0,2,0,0,0,2,0,0,0,0,0,0,2,0,0,0,False,False,False,False,False
repair5g539_s3_113|random|500|100,repair5g539_s3_113,random,500,100,boundary,False,False,static_flow_shield,2,0,0,0,2,0,0,0,0,0,0,2,0,0,0,2,0,0,0,2,0,0,0,0,0,0,2,0,0,0,False,False,False,False,False
repair5g539_s3_113|warehouse|2000|100,repair5g539_s3_113,warehouse,2000,100,boundary,False,False,static_flow_shield,2,0,0,2,0,0,0,0,0,0,0,0,0,0,0,2,0,0,2,0,0,0,0,0,0,0,0,0,0,0,False,False,False,False,False
repair5g539_s3_113|warehouse|2000|50,repair5g539_s3_113,warehouse,2000,50,boundary,False,False,static_flow_shield,2,0,0,0,2,0,0,0,0,0,0,2,0,0,0,2,0,0,0,2,0,0,0,0,0,0,2,0,0,0,False,False,False,False,False
