g567_evaluation_uid,g567_dataset_row_id,split,map,map_family,agents,budget_ms,candidate_uid,theta_id,variant_id,labelv54_development_safe,labelv54_positive,labelv54_harmful,labelv54_quality_tie,labelv54_applied_margin,stable_label_supported,measurement_confidence,replicate_group_id,replicate_count,supported_regression_A,supported_regression_B,supported_regression_C,supported_gain_A,supported_gain_B,supported_gain_C,safe_A,safe_B,safe_C,primary_safe_AB,stretch_safe_ABC,quality_safe_A,quality_safe_B,quality_safe_C,positive_A,positive_B,positive_C,joint_positive_AB,joint_positive_ABC,delta_vs_additive,delta_vs_static_flow,delta_vs_g556,actor_success,additive_success,static_flow_success,g556_success,actor_ratio,additive_ratio,static_flow_ratio,g556_ratio,success_gain_vs_additive,success_regression_vs_additive,success_gain_vs_static_flow,success_regression_vs_static_flow,success_gain_vs_g556,success_regression_vs_g556,actor_runtime_ms,additive_runtime_ms,static_flow_runtime_ms,g556_runtime_ms,actor_expanded_nodes,g556_expanded_nodes,actor_low_level_pibt_calls,g556_low_level_pibt_calls,replicate_confidence,theta_alpha_cong_commit_progress,theta_alpha_cong_commit_nonprogress,theta_alpha_cong_block,theta_alpha_cong_wait_progress,theta_alpha_cong_wait_nonprogress,theta_alpha_flow_commit_progress,theta_alpha_flow_wait_progress,theta_rho_cong_decay,theta_rho_flow_decay,theta_lambda_cong,theta_lambda_flow,theta_flow_shield_beta,theta_max_flow_shield,theta_min_edge_cost,theta_max_edge_cost,phase5p5_allowed,phase6_allowed,runtime_claim_allowed,learned_runtime_policy_validated,aaai_ready,pareto_safe_AB,labelv54_primary_training_candidate
ef704ff8903e37196b0b3c5236ce020a7032b5eb58f729d6608b98f3efd3e575,g567_stage2a_label_train_00048,LABEL_TRAIN,den312d,game,256,30000,g567_stage2a_diagnostic_a5_label_train_selected_actor_primary_30s_exact_s566_922f4bfb22f7,g567_stage2a_diagnostic_a5_label_train_selected_actor_primary_30s_exact_s566_922f4bfb22f7,SELECTED_ACTOR_PRIMARY_30S_EXACT,True,False,False,True,0.043,True,single_run_both_success_or_both_failure,b6015e60fa657d10f49fd9b02a1c9ac50f70366ded37f290c6d99c34710e335a,1,False,False,False,False,False,False,True,True,True,True,True,True,True,True,False,False,False,False,False,0.03746122644000005,0.03889286566000005,0.03292770222000008,True,True,True,True,1.37508947745,1.33762825101,1.33619661179,1.34216177523,False,False,False,False,False,False,1598.092455,1132.33593,1539.734975,1544.957911,2000,2016,508899,512997,single_exact_row,1.2495570182800293,1.1674013137817383,1.258596420288086,0.7254971265792847,0.7612892389297485,1.03944730758667,0.6997624635696411,0.9811668395996094,1.0,0.6729309558868408,0.640241801738739,0.3518797755241394,0.9321292638778687,1.0,10.852783203125,False,False,False,False,False,True,True
a7977c157ccb751fcb324bb36a021c1c75b25769412dcb9e267caa1bd50b05ce,g567_stage2a_label_train_00049,LABEL_TRAIN,den312d,game,256,30000,g567_stage2a_diagnostic_a5_label_train_selected_actor_primary_30s_exact_s566_9e304b8bb2c0,g567_stage2a_diagnostic_a5_label_train_selected_actor_primary_30s_exact_s566_9e304b8bb2c0,SELECTED_ACTOR_PRIMARY_30S_EXACT,True,False,True,False,0.043,True,single_run_both_success_or_both_failure,00ed4ed21faccd487825cac8b9173eba9105a1b8003a0cd7be7ca683d0665481,1,False,False,False,False,False,False,True,True,True,True,True,False,False,False,False,False,False,False,False,0.08295086719000011,0.0863809845900001,0.054398763230000036,True,True,True,True,1.39093676023,1.30798589304,1.30455577564,1.336537997,False,False,False,False,False,False,1592.397937,1134.711387,1544.039508,1582.618252,1991,1916,506566,488403,single_exact_row,1.2497471570968628,1.1671271324157715,1.2580660581588745,0.725647509098053,0.7614381313323975,1.0393315553665161,0.6995992660522461,0.9811603426933289,1.0,0.6729645729064941,0.6401813626289368,0.3516295552253723,0.9316397905349731,1.0,10.852290153503418,False,False,False,False,False,False,False
beec0eeb607c02b5b7e9eb8307841ff6a3f08e239a2ce1e33e6dc5ed673c1a6d,g567_stage2a_label_train_00036,LABEL_TRAIN,g567-chambers-48x32-a-v0,chambers,128,30000,g567_stage2a_diagnostic_a5_label_train_selected_actor_primary_30s_exact_s566_9a0baa0701ab,g567_stage2a_diagnostic_a5_label_train_selected_actor_primary_30s_exact_s566_9a0baa0701ab,SELECTED_ACTOR_PRIMARY_30S_EXACT,True,False,True,False,0.043,True,single_run_both_success_or_both_failure,32c83a46630c2883c7104d5f1302b16ea652e3e143ffc25ec018d301fd576358,1,False,False,False,False,False,False,True,True,True,True,True,False,False,False,False,False,False,False,False,0.1437224669599999,0.18116740087999994,0.11288546254999998,True,True,True,True,1.72797356828,1.58425110132,1.5468061674,1.61508810573,False,False,False,False,False,False,347.736599,262.743716,345.690682,340.527341,1064,912,140840,117906,single_exact_row,1.249529480934143,1.1678295135498047,1.2639459371566772,0.7243175506591797,0.7606292366981506,1.0396660566329956,0.7031861543655396,0.9812804460525513,1.0,0.6714766621589661,0.6406041383743286,0.35258668661117554,0.929169237613678,1.0,10.843193054199219,False,False,False,False,False,False,False
89115c26cf5c16fd4b09bbdccb5542f3cfa1418e0bb47ae305feb6d810e0f5ba,g567_stage2a_label_train_00045,LABEL_TRAIN,g567-chambers-64x48-a-v2,chambers,128,30000,g567_stage2a_diagnostic_a5_label_train_selected_actor_primary_30s_exact_s566_a4b1d814edff,g567_stage2a_diagnostic_a5_label_train_selected_actor_primary_30s_exact_s566_a4b1d814edff,SELECTED_ACTOR_PRIMARY_30S_EXACT,True,False,False,True,0.043,True,single_run_both_success_or_both_failure,2e96bf0ab804fb1ee8bc7109d8d62f4a606ba8ff5d1cae63bfe2777978cc6f40,1,False,False,False,False,False,False,True,True,True,True,True,True,True,True,False,False,False,False,False,-0.04148583099000014,0.008424814909999911,0.022338524379999836,True,True,True,True,1.1056931325,1.14717896349,1.09726831759,1.08335460812,False,False,False,False,False,False,723.036673,523.172643,728.368713,731.426476,1167,1202,147791,152510,single_exact_row,1.252402901649475,1.1663479804992676,1.255540132522583,0.719394326210022,0.7601395845413208,1.036195158958435,0.7022312879562378,0.9811063408851624,1.0,0.670111894607544,0.6347957253456116,0.35400390625,0.9467822909355164,1.0,10.86361312866211,False,False,False,False,False,True,True
d1c507e8e42e816804c368b9b7e7f554fe18fce14238771c97c93daceef18581,g567_stage2a_label_train_00029,LABEL_TRAIN,g567-city-32x32-a-v2,city,64,30000,g567_stage2a_diagnostic_a5_label_train_selected_actor_primary_30s_exact_s566_451a37b6f67c,g567_stage2a_diagnostic_a5_label_train_selected_actor_primary_30s_exact_s566_451a37b6f67c,SELECTED_ACTOR_PRIMARY_30S_EXACT,True,False,False,True,0.043,True,single_run_both_success_or_both_failure,873ca8cee447f7376af13bbc25dae964fd395145a9aadabd6cff55132eae2746,1,False,False,False,False,False,False,True,True,True,True,True,True,True,True,False,False,False,False,False,-0.04241552840000007,0.00647016534999989,0.01797268152000009,True,True,True,True,1.30769230769,1.35010783609,1.30122214234,1.28971962617,False,False,False,False,False,False,116.443509,92.475153,115.693965,115.357394,691,696,47225,49427,single_exact_row,1.2528867721557617,1.1657991409301758,1.2550159692764282,0.721109926700592,0.7617852091789246,1.0367475748062134,0.7025561332702637,0.9811489582061768,1.0,0.6701366901397705,0.636950671672821,0.3519607186317444,0.9431860446929932,1.0,10.849396705627441,False,False,False,False,False,True,True
077fdb3e8708eb8dc736ff63e9bcb213c8986ac10c8806f885984f645ae5123b,g567_stage2a_label_train_00063,LABEL_TRAIN,g567-city-64x48-a-v1,city,256,30000,g567_stage2a_diagnostic_a5_label_train_selected_actor_primary_30s_exact_s566_15776bb9d739,g567_stage2a_diagnostic_a5_label_train_selected_actor_primary_30s_exact_s566_15776bb9d739,SELECTED_ACTOR_PRIMARY_30S_EXACT,True,False,False,False,0.043,True,single_run_both_success_or_both_failure,395a5ac7ab736c66606d5c271ffc89e4b44d162eff361e4fd8343a66a64f1d86,1,False,False,False,False,False,False,True,True,True,True,True,True,True,True,True,False,False,False,False,-0.07388360891000012,0.004556698340000054,0.0014972008800000491,True,True,True,True,1.18715011066,1.26103371957,1.18259341232,1.18565290978,False,False,False,False,False,False,1545.924903,1021.638763,1410.44406,1382.434281,1244,1243,316894,316615,single_exact_row,1.2512478828430176,1.164676547050476,1.2534799575805664,0.7280206084251404,0.7614454627037048,1.0398039817810059,0.6976195573806763,0.9810056090354919,1.0,0.6726341843605042,0.6391429305076599,0.35036277770996094,0.9252833724021912,1.0,10.849791526794434,False,False,False,False,False,True,True
51b68bd7a772529027cbcf1612c11149ee4848176ffe985039423372e5be65e9,g567_stage2a_label_train_00000,LABEL_TRAIN,g567-connector-24x24-a-v3,connector,32,30000,g567_stage2a_diagnostic_a5_label_train_selected_actor_primary_30s_exact_s566_3972e97e1525,g567_stage2a_diagnostic_a5_label_train_selected_actor_primary_30s_exact_s566_3972e97e1525,SELECTED_ACTOR_PRIMARY_30S_EXACT,True,False,True,False,0.043,True,single_run_both_success_or_both_failure,a4be87ad740e06acdaf1b37db4ffabc78d2261b7fc3ff807bf407712193b243b,1,False,False,False,False,False,False,True,True,True,True,True,True,False,False,False,False,False,False,False,0.028571428570000057,0.07619047619000008,0.05238095238000007,True,True,True,True,1.1619047619,1.13333333333,1.08571428571,1.10952380952,False,False,False,False,False,False,20.672146,17.026702,20.719078,20.565418,324,332,9983,10237,single_exact_row,1.253172516822815,1.1730668544769287,1.2546253204345703,0.7283992767333984,0.7655630707740784,1.023882269859314,0.7082098722457886,0.9810206294059753,1.0,0.6790587306022644,0.6428956389427185,0.3404163718223572,0.907459020614624,1.0,10.833842277526855,False,False,False,False,False,False,False
a99d50f6f4b445bff080ef27bfe106e037377dceb82fe0422f24869334ca1b51,g567_stage2a_label_train_00054,LABEL_TRAIN,g567-connector-48x48-a-v3,connector,256,30000,g567_stage2a_diagnostic_a5_label_train_selected_actor_primary_30s_exact_s566_2037c7f521c5,g567_stage2a_diagnostic_a5_label_train_selected_actor_primary_30s_exact_s566_2037c7f521c5,SELECTED_ACTOR_PRIMARY_30S_EXACT,True,False,False,True,0.043,True,single_run_both_success_or_both_failure,5eb7ea7e525fb57436e585788ca82d6fc813509ac740de0f051f70adccb1ae93,1,False,False,False,False,False,False,True,True,True,True,True,True,True,True,False,False,False,False,False,nan,nan,nan,False,False,False,False,,,,,False,False,False,False,False,False,36241.055587,35269.139855,36172.360125,35891.171533,815,830,841261,854212,single_exact_row,1.2492281198501587,1.1722251176834106,1.2559387683868408,0.7369191646575928,0.7668494582176208,1.0332441329956055,0.7068797945976257,0.981007993221283,1.0,0.6812500953674316,0.6484781503677368,0.33820220828056335,0.8852761387825012,1.0,10.821219444274902,False,False,False,False,False,True,True
3a62d40d175cb16cb25cbffdb8261d99931b6ad23386998274480d8597a0bd75,g567_stage2a_label_train_00028,LABEL_TRAIN,g567-cross-32x32-a-v2,cross,64,30000,g567_stage2a_diagnostic_a5_label_train_selected_actor_primary_30s_exact_s566_535d5122610e,g567_stage2a_diagnostic_a5_label_train_selected_actor_primary_30s_exact_s566_535d5122610e,SELECTED_ACTOR_PRIMARY_30S_EXACT,True,False,True,False,0.043,True,single_run_both_success_or_both_failure,2e5a35c022eb697a5f29abf2320ea73a3e729af62bdb70963a4a8f58cb43987f,1,False,False,False,False,False,False,True,True,True,True,True,False,False,False,False,False,False,False,False,0.09654272668000008,0.09458577952000002,0.09458577952000002,True,True,True,True,1.4168297456,1.32028701892,1.32224396608,1.32224396608,False,False,False,False,False,False,113.918994,93.950718,113.708942,113.195699,736,674,48457,43376,single_exact_row,1.2533177137374878,1.165306568145752,1.2531616687774658,0.7206031680107117,0.7614580988883972,1.035891056060791,0.7024285197257996,0.9810725450515747,1.0,0.6697978377342224,0.6356887817382812,0.3519415855407715,0.9447464942932129,1.0,10.853485107421875,False,False,False,False,False,False,False
484d280d6f39b47146bcc54b4b29c5fda8ebf05b81361d5ed30e3049d016485f,g567_stage2a_label_train_00055,LABEL_TRAIN,g567-cross-32x32-a-v3,cross,256,30000,g567_stage2a_diagnostic_a5_label_train_selected_actor_primary_30s_exact_s566_550403e3ae5d,g567_stage2a_diagnostic_a5_label_train_selected_actor_primary_30s_exact_s566_550403e3ae5d,SELECTED_ACTOR_PRIMARY_30S_EXACT,True,False,False,True,0.043,True,single_run_both_success_or_both_failure,c1d75ca5dc3a79a37868420c49a8a6cf355376058b9dca4051a01f2bb5efd95e,1,False,False,False,False,False,False,True,True,True,True,True,True,True,True,False,False,False,False,False,nan,nan,nan,False,False,False,False,,,,,False,False,False,False,False,False,36013.943441,36531.460721,38383.22475,36206.161665,12520,12624,98662333,100197855,single_exact_row,1.251204490661621,1.165611982345581,1.2533001899719238,0.7283424735069275,0.7623913884162903,1.0386239290237427,0.6986023783683777,0.9810062050819397,1.0,0.6736660003662109,0.640231192111969,0.3490545153617859,0.9246264696121216,1.0,10.846710205078125,False,False,False,False,False,True,True
8c3ada1cad82b47492072760dec180d31edc29ec733d17ad5edc4cad88cb4fee,g567_stage2a_label_train_00001,LABEL_TRAIN,g567-empty-16x16-v0,empty,32,30000,g567_stage2a_diagnostic_a5_label_train_selected_actor_primary_30s_exact_s566_bee6599d927c,g567_stage2a_diagnostic_a5_label_train_selected_actor_primary_30s_exact_s566_bee6599d927c,SELECTED_ACTOR_PRIMARY_30S_EXACT,True,False,False,True,0.043,True,single_run_both_success_or_both_failure,0e78309b4debfeadac499800bc7dcc1f799203523571eee204530278c916a3f2,1,False,False,False,False,False,False,True,True,True,True,True,True,True,True,False,False,False,False,False,-0.028747433269999956,0.0020533880899999968,0.0,True,True,True,True,1.13141683778,1.16016427105,1.12936344969,1.13141683778,False,False,False,False,False,False,20.309064,18.855457,21.255744,20.441259,335,354,10336,10944,single_exact_row,1.2519232034683228,1.1710216999053955,1.2555326223373413,0.7223278284072876,0.7648190855979919,1.0280190706253052,0.7066594958305359,0.9811839461326599,1.0,0.6757804155349731,0.6411271095275879,0.3458881676197052,0.9339765310287476,1.0,10.847293853759766,False,False,False,False,False,True,True
fbc23fa84c327a005eb18710a56ddc3af839eeb21bea708ba7845c999aaee6f8,g567_stage2a_label_train_00002,LABEL_TRAIN,g567-empty-16x16-v0,empty,32,30000,g567_stage2a_diagnostic_a5_label_train_selected_actor_primary_30s_exact_s566_31e60d7943de,g567_stage2a_diagnostic_a5_label_train_selected_actor_primary_30s_exact_s566_31e60d7943de,SELECTED_ACTOR_PRIMARY_30S_EXACT,True,False,False,True,0.043,True,single_run_both_success_or_both_failure,01c1f01099f16fa990cacb269b809045d391b790adc7e1b73136de2c628531a5,1,False,False,False,False,False,False,True,True,True,True,True,True,True,True,False,False,False,False,False,-0.014662756599999938,0.0,0.02052785924,True,True,True,True,1.10263929619,1.11730205279,1.10263929619,1.08211143695,False,False,False,False,False,False,19.875995,17.217618,20.104915,20.131773,267,273,8160,8352,single_exact_row,1.2436840534210205,1.174680233001709,1.2998414039611816,0.7145227789878845,0.7587712407112122,1.0385379791259766,0.7048884034156799,0.9818926453590393,1.0,0.6702909469604492,0.6401047706604004,0.3580344617366791,0.9466677904129028,1.0,10.849364280700684,False,False,False,False,False,True,True
1402d518e5b8d58a901a58cd2211e84cf92e9fce745d0645a736705e65527570,g567_stage2a_label_train_00003,LABEL_TRAIN,g567-empty-16x16-v1,empty,32,30000,g567_stage2a_diagnostic_a5_label_train_selected_actor_primary_30s_exact_s566_7cddf954ca2b,g567_stage2a_diagnostic_a5_label_train_selected_actor_primary_30s_exact_s566_7cddf954ca2b,SELECTED_ACTOR_PRIMARY_30S_EXACT,True,False,False,False,0.043,True,single_run_both_success_or_both_failure,d39c9986888c2e477dc89111ac4371890885336200e1c8e8541b44b588bc3b3e,1,False,False,False,False,False,False,True,True,True,True,True,True,True,True,True,False,False,False,False,-0.05030181085999996,-0.04225352112000014,-0.040241448690000015,True,True,True,True,1.08651911469,1.13682092555,1.12877263581,1.12676056338,False,False,False,False,False,False,20.307401,18.573379,20.96121,20.456799,346,351,10750,10879,single_exact_row,1.2521305084228516,1.1705231666564941,1.2558135986328125,0.7212674617767334,0.7642815709114075,1.0287885665893555,0.7066567540168762,0.9811912178993225,1.0,0.6750252842903137,0.6400892734527588,0.3467680513858795,0.9367368817329407,1.0,10.849921226501465,False,False,False,False,False,True,True
7976101006b1ff9d0ce9ca06a55c451a556ea9dff0ac1a2efff7e68e2aa67713,g567_stage2a_label_train_00004,LABEL_TRAIN,g567-empty-16x16-v2,empty,32,30000,g567_stage2a_diagnostic_a5_label_train_selected_actor_primary_30s_exact_s566_61dbd66a5c12,g567_stage2a_diagnostic_a5_label_train_selected_actor_primary_30s_exact_s566_61dbd66a5c12,SELECTED_ACTOR_PRIMARY_30S_EXACT,True,False,False,True,0.043,True,single_run_both_success_or_both_failure,a3b2bd9b4bd7e22c248a3180be3577083bf8793482ae84cd5b51308f95a39716,1,False,False,False,False,False,False,True,True,True,True,True,True,True,True,False,False,False,False,False,-0.017857142860000064,-0.02295918367000005,0.005102040819999987,True,True,True,True,1.04336734694,1.0612244898,1.06632653061,1.03826530612,False,False,False,False,False,False,19.982326,17.329299,20.291589,19.85969,264,266,8064,8128,single_exact_row,1.2503608465194702,1.1710381507873535,1.2661128044128418,0.7223048210144043,0.7622019052505493,1.0367610454559326,0.7038309574127197,0.9813389778137207,1.0,0.6743120551109314,0.6436492204666138,0.34903207421302795,0.9333346486091614,1.0,10.840889930725098,False,False,False,False,False,True,True
c8f55fdd6541ce519c2e4e5471eb93269e31e76110b57ec24386bc741c53ffb4,g567_stage2a_label_train_00044,LABEL_TRAIN,g567-islands-48x48-a-v0,islands,128,30000,g567_stage2a_diagnostic_a5_label_train_selected_actor_primary_30s_exact_s566_008c99b504c1,g567_stage2a_diagnostic_a5_label_train_selected_actor_primary_30s_exact_s566_008c99b504c1,SELECTED_ACTOR_PRIMARY_30S_EXACT,True,False,False,True,0.043,True,single_run_both_success_or_both_failure,e1a34db46790f518648c7e519aa249258fc30ba636c05ac9544acf2605322fda,1,False,False,False,False,False,False,True,True,True,True,True,True,True,True,False,False,False,False,False,-0.01757414091000009,0.012866781739999889,0.020241644439999984,True,True,True,True,1.13823944767,1.15581358858,1.12537266593,1.11799780323,False,False,False,False,False,False,492.806576,377.040431,502.395496,506.207792,1085,1091,137514,138012,single_exact_row,1.2516639232635498,1.1681835651397705,1.2585736513137817,0.7182128429412842,0.7590399384498596,1.037123680114746,0.7024871706962585,0.9811462759971619,1.0,0.670047402381897,0.6355053186416626,0.35591498017311096,0.9493224024772644,1.0,10.868280410766602,False,False,False,False,False,True,True
c04ecc0bc8f855598d9a877a985e4311015f38c02656b8e56f56c926909bdf61,g567_stage2a_label_train_00043,LABEL_TRAIN,g567-islands-48x48-a-v2,islands,128,30000,g567_stage2a_diagnostic_a5_label_train_selected_actor_primary_30s_exact_s566_90236871a3e2,g567_stage2a_diagnostic_a5_label_train_selected_actor_primary_30s_exact_s566_90236871a3e2,SELECTED_ACTOR_PRIMARY_30S_EXACT,True,False,True,False,0.043,True,single_run_both_success_or_both_failure,02df6d21e1ee27139ed98be2e35954942a9d116a27c3a2cc5c6931077fd8b5ae,1,False,False,False,False,False,False,True,True,True,True,True,True,False,True,False,False,False,False,False,0.00046871338000009644,0.045230841339999994,0.01992031873000011,True,True,True,True,1.3341926412,1.33372392782,1.28896179986,1.31427232247,False,False,False,False,False,False,490.999607,355.596137,493.13106,489.238628,854,800,112897,102338,single_exact_row,1.2489705085754395,1.16820228099823,1.2664061784744263,0.723227322101593,0.7603358626365662,1.039629578590393,0.7035282850265503,0.9813441038131714,1.0,0.6711200475692749,0.6400201320648193,0.35384079813957214,0.93180912733078,1.0,10.84504508972168,False,False,False,False,False,False,False
814408151ee80f8a9230bf9178ba2b8d581ad4c44cd6fa6aead2353bbc4aa1ea,g567_stage2a_label_train_00034,LABEL_TRAIN,g567-lanes-48x32-a-v1,lanes,128,30000,g567_stage2a_diagnostic_a5_label_train_selected_actor_primary_30s_exact_s566_59c5d85ca1d3,g567_stage2a_diagnostic_a5_label_train_selected_actor_primary_30s_exact_s566_59c5d85ca1d3,SELECTED_ACTOR_PRIMARY_30S_EXACT,True,False,True,False,0.043,True,single_run_both_success_or_both_failure,6bcbab46c951cddfe98d913d7eaf17870ac861d23fe5a4935e925ce46b307b3e,1,False,False,False,False,False,False,True,True,True,True,True,True,False,False,False,False,False,False,False,0.03565306822000003,0.07541995199999985,0.08639012684000003,True,True,True,True,1.28762427151,1.25197120329,1.21220431951,1.20123414467,False,False,False,False,False,False,337.479273,263.471679,338.707984,332.646239,1006,921,127668,116811,single_exact_row,1.2524526119232178,1.1661086082458496,1.2552964687347412,0.7194567322731018,0.7600036859512329,1.0364201068878174,0.701993465423584,0.9810951352119446,1.0,0.6699010133743286,0.6345831751823425,0.3542368710041046,0.9467291831970215,1.0,10.86397933959961,False,False,False,False,False,False,False
7cf2d2d079380bd56f6ddb34019f22ea7f99e8fe8d4bfaff95eecdd2dcd52a1f,g567_stage2a_label_train_00035,LABEL_TRAIN,g567-lanes-48x32-a-v1,lanes,128,30000,g567_stage2a_diagnostic_a5_label_train_selected_actor_primary_30s_exact_s566_1d0ad21680e4,g567_stage2a_diagnostic_a5_label_train_selected_actor_primary_30s_exact_s566_1d0ad21680e4,SELECTED_ACTOR_PRIMARY_30S_EXACT,True,False,False,True,0.043,True,single_run_both_success_or_both_failure,f7aa61cb8ff2a5fdd6b63b5bfc3ee8a1b67ca8763a56e19a7243108606b55295,1,False,False,False,False,False,False,True,True,True,True,True,True,True,True,False,False,False,False,False,0.00892857142999981,0.02830188680000001,0.013645552559999885,True,True,True,True,1.23702830189,1.22809973046,1.20872641509,1.22338274933,False,False,False,False,False,False,335.954986,256.597062,337.35036,331.891405,975,909,128901,114723,single_exact_row,1.2524114847183228,1.1662516593933105,1.2555267810821533,0.719277560710907,0.7598856091499329,1.0364593267440796,0.7020469903945923,0.9810983538627625,1.0,0.6698500514030457,0.6345426440238953,0.3544299304485321,0.947081983089447,1.0,10.864638328552246,False,False,False,False,False,True,True
83ec017e6d02e7d6536cc3298e96eaf70b7caf1bf851445b9458cc08dc3c8dfa,g567_stage2a_label_train_00033,LABEL_TRAIN,g567-lanes-48x32-a-v1,lanes,128,30000,g567_stage2a_diagnostic_a5_label_train_selected_actor_primary_30s_exact_s566_f6c21e49c5e9,g567_stage2a_diagnostic_a5_label_train_selected_actor_primary_30s_exact_s566_f6c21e49c5e9,SELECTED_ACTOR_PRIMARY_30S_EXACT,True,False,False,True,0.043,True,single_run_both_success_or_both_failure,1df149e5489023ab4d609789f8163816c9b91b904d58c12e01908ae13700e2ba,1,False,False,False,False,False,False,True,True,True,True,True,True,True,True,False,False,False,False,False,-0.008445363669999928,0.023095484320000192,0.033264391590000164,True,True,True,True,1.22492244054,1.23336780421,1.20182695622,1.19165804895,False,False,False,False,False,False,334.027469,253.628165,338.963569,331.709098,995,931,130385,117884,single_exact_row,1.2524709701538086,1.1660279035568237,1.2552584409713745,0.7194254398345947,0.7600095868110657,1.0364521741867065,0.7019641399383545,0.9810962080955505,1.0,0.6698300242424011,0.6344927549362183,0.3542885482311249,0.9467639327049255,1.0,10.863991737365723,False,False,False,False,False,True,True
e1dc2f4c164e3d8befff28a36c28383ed2188f4e4d6dc37b0a0d869c96b568d9,g567_stage2a_label_train_00032,LABEL_TRAIN,g567-lanes-48x32-a-v3,lanes,128,30000,g567_stage2a_diagnostic_a5_label_train_selected_actor_primary_30s_exact_s566_1c1a34f6ea67,g567_stage2a_diagnostic_a5_label_train_selected_actor_primary_30s_exact_s566_1c1a34f6ea67,SELECTED_ACTOR_PRIMARY_30S_EXACT,True,False,True,False,0.043,True,single_run_both_success_or_both_failure,fa9f0c9c3853dcae1a08ff8c6e5689b24be463d670d28a473a3bc2a054be3a0a,1,False,False,False,False,False,False,True,True,True,True,True,False,False,False,False,False,False,False,False,0.12069859934000005,0.14802005879000002,0.10634618709999999,True,True,True,True,1.38613176552,1.26543316618,1.23811170673,1.27978557842,False,False,False,False,False,False,333.168355,263.174951,329.804107,327.166015,1286,1038,163261,132641,single_exact_row,1.2525590658187866,1.1659735441207886,1.255063533782959,0.7194372415542603,0.7599794864654541,1.036424994468689,0.7020274996757507,0.9810859560966492,1.0,0.6696765422821045,0.6342574954032898,0.3542562425136566,0.9466617703437805,1.0,10.864229202270508,False,False,False,False,False,False,False
b89d98f5052e722c038830e9de69050994384273ce38d5b6ad0ddb19deb8b18a,g567_stage2a_label_train_00047,LABEL_TRAIN,g567-lanes-64x48-a-v1,lanes,128,30000,g567_stage2a_diagnostic_a5_label_train_selected_actor_primary_30s_exact_s566_97010446df5b,g567_stage2a_diagnostic_a5_label_train_selected_actor_primary_30s_exact_s566_97010446df5b,SELECTED_ACTOR_PRIMARY_30S_EXACT,True,False,False,True,0.043,True,single_run_both_success_or_both_failure,8193f4e1e55ba640ad87583c6d0106923bcc4b456109f92377be49258876366a,1,False,False,False,False,False,False,True,True,True,True,True,True,True,True,False,False,False,False,False,-0.013006083489999876,0.026012166989999974,0.006293266210000148,True,True,True,True,1.2146003776,1.22760646109,1.18858821061,1.20830711139,False,False,False,False,False,False,714.456715,551.22109,832.603103,781.031687,873,879,110764,110901,single_exact_row,1.2504055500030518,1.167543649673462,1.262300968170166,0.7236145734786987,0.7611847519874573,1.038826823234558,0.7033933401107788,0.9812600016593933,1.0,0.6715865135192871,0.6395613551139832,0.3524439036846161,0.9306741952896118,1.0,10.84499454498291,False,False,False,False,False,True,True
0a755baafdea9f905410436e2c21a120ce3c72af6cbd9f0dbb5fffa52e50827a,g567_stage2a_label_train_00046,LABEL_TRAIN,g567-lanes-64x48-a-v2,lanes,128,30000,g567_stage2a_diagnostic_a5_label_train_selected_actor_primary_30s_exact_s566_f1964cb99a46,g567_stage2a_diagnostic_a5_label_train_selected_actor_primary_30s_exact_s566_f1964cb99a46,SELECTED_ACTOR_PRIMARY_30S_EXACT,True,False,False,True,0.043,True,single_run_both_success_or_both_failure,c3e21ea43709b4db9820c6c8048d4c76427467b116bdf96ba8d12f211ee49485,1,False,False,False,False,False,False,True,True,True,True,True,True,True,True,False,False,False,False,False,-0.009834050400000072,0.01987297683999989,-0.0012292563000000367,True,True,True,True,1.10202827289,1.11186232329,1.08215529605,1.10325752919,False,False,False,False,False,False,697.571643,503.67781,701.480928,707.529473,1079,1080,138855,138220,single_exact_row,1.2473970651626587,1.170811653137207,1.2742918729782104,0.7232957482337952,0.7594587206840515,1.0394686460494995,0.7039886713027954,0.9813913702964783,1.0,0.6724362969398499,0.6415154337882996,0.3535793721675873,0.9308023452758789,1.0,10.844711303710938,False,False,False,False,False,True,True
c3dacd152db2726341342f2b35d911550bbde3c793eb78534a104aa925625750,g567_stage2a_label_train_00052,LABEL_TRAIN,g567-large-empty-96x96-a-v1,large_empty,256,30000,g567_stage2a_diagnostic_a5_label_train_selected_actor_primary_30s_exact_s566_b58717ec008a,g567_stage2a_diagnostic_a5_label_train_selected_actor_primary_30s_exact_s566_b58717ec008a,SELECTED_ACTOR_PRIMARY_30S_EXACT,True,False,False,True,0.043,True,single_run_both_success_or_both_failure,3c32467246687090b0ebd3b8476878ece14ae2c57c06f16e268bd4db0ee74d5e,1,False,False,False,False,False,False,True,True,True,True,True,True,True,True,False,False,False,False,False,-0.019069125579999957,0.0006900012499999608,0.0010036381900000446,True,True,True,True,1.02082549241,1.03989461799,1.02013549116,1.01982185422,False,False,False,False,False,False,9105.698206,6369.46032,8782.779344,9103.378604,1824,1830,463872,465408,single_exact_row,1.2442682981491089,1.1723979711532593,1.2784532308578491,0.7316014766693115,0.7593584656715393,1.0390530824661255,0.7050482630729675,0.9812927842140198,1.0,0.6788375377655029,0.6474663019180298,0.3458629846572876,0.8939399719238281,1.0,10.83676528930664,False,False,False,False,False,True,True
7b91057a734984139b63c01ec6ee4ccf175dab4202a4b4816d91894a7e5f29b4,g567_stage2a_label_train_00050,LABEL_TRAIN,g567-large-warehouse-128x96-a-v0,large_warehouse,256,30000,g567_stage2a_diagnostic_a5_label_train_selected_actor_primary_30s_exact_s566_a9f6966c040d,g567_stage2a_diagnostic_a5_label_train_selected_actor_primary_30s_exact_s566_a9f6966c040d,SELECTED_ACTOR_PRIMARY_30S_EXACT,True,False,False,True,0.043,True,single_run_both_success_or_both_failure,007078f42985ace87c5a1380a8b2dbb8e1c653b559faa333b763d765adf46db0,1,False,False,False,False,False,False,True,True,True,True,True,True,True,True,False,False,False,False,False,0.0,0.011671726159999896,0.0032973934899998003,True,True,True,True,1.05254893751,1.05254893751,1.04087721135,1.04925154402,False,False,False,False,False,False,6295.328155,4472.406261,6352.059712,6394.151022,2298,2298,585216,585216,single_exact_row,1.242353081703186,1.172326922416687,1.282365322113037,0.7307950258255005,0.7587518692016602,1.0404741764068604,0.7056549787521362,0.9813418984413147,1.0,0.6778801679611206,0.6468528509140015,0.34785011410713196,0.895811140537262,1.0,10.838958740234375,False,False,False,False,False,True,True
3c975b89a8391b815ec8bee3dd050b9766377d6937e63c7f6af57c7d002a1fdf,g567_stage2a_label_train_00051,LABEL_TRAIN,g567-large-warehouse-128x96-a-v2,large_warehouse,256,30000,g567_stage2a_diagnostic_a5_label_train_selected_actor_primary_30s_exact_s566_8f42a98ca83f,g567_stage2a_diagnostic_a5_label_train_selected_actor_primary_30s_exact_s566_8f42a98ca83f,SELECTED_ACTOR_PRIMARY_30S_EXACT,True,False,False,True,0.043,True,single_run_both_success_or_both_failure,e50b075b7dbe0bdd7c0228468b5fc6b60bdd00224bb942a301664271d0931fe1,1,False,False,False,False,False,False,True,True,True,True,True,True,True,True,False,False,False,False,False,-0.01325274481999994,0.015248974159999928,0.008872130419999902,True,True,True,True,1.10729732727,1.12055007209,1.09204835311,1.09842519685,False,False,False,False,False,False,6563.063561,4929.497538,6303.978901,6213.779471,1612,1619,409600,411392,single_exact_row,1.2424561977386475,1.1701992750167847,1.2774184942245483,0.7304357290267944,0.7600662708282471,1.0411170721054077,0.7055040001869202,0.9813708066940308,1.0,0.6764227747917175,0.6463655829429626,0.34873953461647034,0.8990247249603271,1.0,10.837955474853516,False,False,False,False,False,True,True
d63326e395d747312e7971a2b085e35493050ca4d7169f5bb69673b1ae744d36,g567_stage2a_label_train_00020,LABEL_TRAIN,g567-loop-32x32-a-v0,loop,64,30000,g567_stage2a_diagnostic_a5_label_train_selected_actor_primary_30s_exact_s566_28ac013cd96a,g567_stage2a_diagnostic_a5_label_train_selected_actor_primary_30s_exact_s566_28ac013cd96a,SELECTED_ACTOR_PRIMARY_30S_EXACT,True,False,False,True,0.043,True,single_run_both_success_or_both_failure,406916cd060cbeeed46d9882c2668f4f2ebb4c264ce6b09081737e0c312ea7d9,1,False,False,False,False,False,False,True,True,True,True,True,True,True,True,False,False,False,False,False,-0.0036363636299998614,0.03878787879000001,-0.03272727271999987,True,True,True,True,1.34060606061,1.34424242424,1.30181818182,1.37333333333,False,False,False,False,False,False,49.091928,39.028049,48.604954,48.351043,413,405,25614,25233,single_exact_row,1.2500337362289429,1.1748570203781128,1.2766579389572144,0.7255771160125732,0.7619155645370483,1.031959056854248,0.7063530087471008,0.9812995195388794,1.0,0.6768476366996765,0.6429951786994934,0.34379956126213074,0.9150328636169434,1.0,10.837193489074707,False,False,False,False,False,True,True
43704f7b1fe7bae209f8237df9a369bafa5e24c68db7c7988ab451e332c4a032,g567_stage2a_label_train_00021,LABEL_TRAIN,g567-loop-32x32-a-v1,loop,64,30000,g567_stage2a_diagnostic_a5_label_train_selected_actor_primary_30s_exact_s566_a415fa718caa,g567_stage2a_diagnostic_a5_label_train_selected_actor_primary_30s_exact_s566_a415fa718caa,SELECTED_ACTOR_PRIMARY_30S_EXACT,True,False,True,False,0.043,True,single_run_both_success_or_both_failure,bdbc2a0e1e2261cc9337fd3a6060004e1102da313a4227c6e46ae008508f7208,1,False,False,False,False,False,False,True,True,True,True,True,False,True,True,False,False,False,False,False,0.07164790174000002,0.013306038889999927,0.012282497439999984,True,True,True,True,1.54452405322,1.47287615148,1.53121801433,1.53224155578,False,False,False,False,False,False,52.257523,43.539379,53.220296,52.50411,436,434,27136,27260,single_exact_row,1.2520560026168823,1.1735265254974365,1.261826515197754,0.7281612157821655,0.764435887336731,1.027726173400879,0.7074857950210571,0.9811208844184875,1.0,0.6784629225730896,0.6435405611991882,0.3410894572734833,0.9075993299484253,1.0,10.83320140838623,False,False,False,False,False,False,False
1848f14ac12c7d0c0cf68ccff87610ccf3d75137cb6694f08d4b52a444f2889d,g567_stage2a_label_train_00026,LABEL_TRAIN,g567-loop-56x56-a-v0,loop,64,30000,g567_stage2a_diagnostic_a5_label_train_selected_actor_primary_30s_exact_s566_ec88739b5b87,g567_stage2a_diagnostic_a5_label_train_selected_actor_primary_30s_exact_s566_ec88739b5b87,SELECTED_ACTOR_PRIMARY_30S_EXACT,True,False,False,True,0.043,True,single_run_both_success_or_both_failure,f1c37ad1518f4dbb0b2b20fa275f70ae727cd694911a56445ac2d27dcdbb3d48,1,False,False,False,False,False,False,True,True,True,True,True,True,True,True,False,False,False,False,False,0.01985559567000017,0.010228640190000027,0.008423586040000153,True,True,True,True,1.1642599278,1.14440433213,1.15403128761,1.15583634176,False,False,False,False,False,False,93.334046,79.309298,93.74676,91.941796,550,510,34558,32061,single_exact_row,1.2522135972976685,1.1711229085922241,1.2630184888839722,0.7251227498054504,0.76402747631073,1.0317885875701904,0.7054961323738098,0.981218695640564,1.0,0.6750285625457764,0.6412378549575806,0.3442029058933258,0.9223656058311462,1.0,10.836379051208496,False,False,False,False,False,True,True
23642d7f5c250a0651744f4e4ba8368e70aa2d94e05ab5ba4553f1c2066f82e1,g567_stage2a_label_train_00015,LABEL_TRAIN,g567-maze-24x24-a-v0,maze,32,30000,g567_stage2a_diagnostic_a5_label_train_selected_actor_primary_30s_exact_s566_2e712970450c,g567_stage2a_diagnostic_a5_label_train_selected_actor_primary_30s_exact_s566_2e712970450c,SELECTED_ACTOR_PRIMARY_30S_EXACT,True,False,False,True,0.043,True,single_run_both_success_or_both_failure,1e42fb9b5061cf1d0c963a26c69d5cf4f1166e56be68b16e44d19947c583b19a,1,False,False,False,False,False,False,True,True,True,True,True,True,True,True,False,False,False,False,False,-0.034307496829999895,0.0038119440900001855,-0.0012706480299999878,True,True,True,True,1.10673443456,1.14104193139,1.10292249047,1.10800508259,False,False,False,False,False,False,32.570184,24.896374,33.220603,32.851889,482,472,15123,14708,single_exact_row,1.2536139488220215,1.1670061349868774,1.2549195289611816,0.7155385613441467,0.7605067491531372,1.0328246355056763,0.7045263051986694,0.9811360836029053,1.0,0.6690331697463989,0.632439911365509,0.3539274036884308,0.9503272175788879,1.0,10.868368148803711,False,False,False,False,False,True,True
bfca5377e23751fc6ae1e5358bcf4d88746f864118448c9d61e4a57cb6dc8616,g567_stage2a_label_train_00053,LABEL_TRAIN,g567-maze-24x24-a-v1,maze,256,30000,g567_stage2a_diagnostic_a5_label_train_selected_actor_primary_30s_exact_s566_38b14bce7de2,g567_stage2a_diagnostic_a5_label_train_selected_actor_primary_30s_exact_s566_38b14bce7de2,SELECTED_ACTOR_PRIMARY_30S_EXACT,True,False,False,True,0.043,True,single_run_both_success_or_both_failure,16e47a080cc5f0c3169f35754891a6f56b8250b5ea0ff0b97e9b574e76993288,1,False,False,False,False,False,False,True,True,True,True,True,True,True,True,False,False,False,False,False,nan,nan,nan,False,False,False,False,,,,,False,False,False,False,False,False,32911.874389,32989.059947,32774.967141,32652.242897,271063,274972,73602852,74669416,single_exact_row,1.2501095533370972,1.167506456375122,1.2528212070465088,0.7329638600349426,0.7647830843925476,1.0397531986236572,0.6986978650093079,0.9809827208518982,1.0,0.6764512658119202,0.6464033126831055,0.34514808654785156,0.9096972942352295,1.0,10.831408500671387,False,False,False,False,False,True,True
6a03a0d27fe90d6c7328f60aca1e2b5bcc8e29383505643fc4c7560ee19ff4b0,g567_stage2a_label_train_00057,LABEL_TRAIN,g567-maze-48x32-a-v0,maze,256,30000,g567_stage2a_diagnostic_a5_label_train_selected_actor_primary_30s_exact_s566_56623dfc3ddc,g567_stage2a_diagnostic_a5_label_train_selected_actor_primary_30s_exact_s566_56623dfc3ddc,SELECTED_ACTOR_PRIMARY_30S_EXACT,True,True,False,False,0.043,True,single_run_both_success_or_both_failure,6f0b9e2b94b2120a8b15affe30368db055646a4aefbfe41458c7783a27e5c98d,1,False,False,False,False,False,False,True,True,True,True,True,True,True,True,True,True,True,True,True,-0.10486216927000003,-0.1545920487600001,-0.15389943205000023,True,True,True,True,2.4164011636,2.52126333287,2.57099321236,2.57030059565,False,False,False,False,False,False,735.147772,668.145941,784.654161,737.596967,1729,1661,459607,433918,single_exact_row,1.2479106187820435,1.1673965454101562,1.260715126991272,0.7330784797668457,0.7621828317642212,1.041114330291748,0.7022938132286072,0.9810903072357178,1.0,0.6762513518333435,0.6458427309989929,0.3464794456958771,0.8971054553985596,1.0,10.833611488342285,False,False,False,False,False,True,True
2f4b978fa6a162b8c570fdb09747d6f43663984d6d1f10b55d80f7db7ed26364,g567_stage2a_label_train_00056,LABEL_TRAIN,g567-maze-48x32-a-v0,maze,256,30000,g567_stage2a_diagnostic_a5_label_train_selected_actor_primary_30s_exact_s566_c01f0f027e18,g567_stage2a_diagnostic_a5_label_train_selected_actor_primary_30s_exact_s566_c01f0f027e18,SELECTED_ACTOR_PRIMARY_30S_EXACT,True,True,False,False,0.043,True,single_run_both_success_or_both_failure,c57956e1c014b25182b445d84bccb3f45f6248d3a1a297df5d880c3c234ef56f,1,False,False,False,False,False,False,True,True,True,True,True,True,True,True,True,True,False,True,False,-0.15006226649999999,-0.08014588151000002,-0.04038427325999994,True,True,True,True,1.75778331258,1.90784557908,1.83792919409,1.79816758584,False,False,False,False,False,False,698.165045,752.397242,726.540517,690.742769,1498,1501,401394,381835,single_exact_row,1.250907301902771,1.1652387380599976,1.2544353008270264,0.7275118231773376,0.7617862224578857,1.0393239259719849,0.6976508498191833,0.9810576438903809,1.0,0.6730309128761292,0.6397601366043091,0.3503919541835785,0.9266384243965149,1.0,10.849129676818848,False,False,False,False,False,True,True
fb53e83aa1b9260f418609e82d845eb2419390700d9ba5e4dd17d2dd3231efea,g567_stage2a_label_train_00059,LABEL_TRAIN,g567-maze-48x32-a-v1,maze,256,30000,g567_stage2a_diagnostic_a5_label_train_selected_actor_primary_30s_exact_s566_162a6a236897,g567_stage2a_diagnostic_a5_label_train_selected_actor_primary_30s_exact_s566_162a6a236897,SELECTED_ACTOR_PRIMARY_30S_EXACT,True,True,False,False,0.043,True,single_run_both_success_or_both_failure,5e504440a838c015e473c1c6ec17ad09cad54853837a2c899d07a0ea635ef22a,1,False,False,False,False,False,False,True,True,True,True,True,True,True,True,True,True,True,True,True,-0.08433518751000002,-0.08433518751000002,-0.047191817689999915,True,True,True,True,1.77660147138,1.86093665889,1.86093665889,1.82379328907,False,False,False,False,False,False,688.289445,771.511233,754.329637,692.895817,1468,1471,386400,378002,single_exact_row,1.2509173154830933,1.1654212474822998,1.25435471534729,0.7276152968406677,0.7620352506637573,1.0390502214431763,0.6978653073310852,0.9810571074485779,1.0,0.6732602119445801,0.6400025486946106,0.35005468130111694,0.9263614416122437,1.0,10.848301887512207,False,False,False,False,False,True,True
3ce61ef99ffd976a36c4054bf476bd525e30cc699bcc2849cbf728e8eb077ec6,g567_stage2a_label_train_00058,LABEL_TRAIN,g567-maze-48x32-a-v1,maze,256,30000,g567_stage2a_diagnostic_a5_label_train_selected_actor_primary_30s_exact_s566_7a8dbbb20dff,g567_stage2a_diagnostic_a5_label_train_selected_actor_primary_30s_exact_s566_7a8dbbb20dff,SELECTED_ACTOR_PRIMARY_30S_EXACT,True,False,False,False,0.043,True,single_run_both_success_or_both_failure,00297ed0470d09de46d5d4e82a049686208211e64e453c60b91d4a658046785b,1,False,False,False,False,False,False,True,True,True,True,True,True,True,True,False,False,True,False,False,-0.008927285810000019,-0.027933765300000024,-0.04348452124000013,True,True,True,True,1.62922966163,1.63815694744,1.65716342693,1.67271418287,False,False,False,False,False,False,638.286905,470.042835,640.743456,640.057187,1019,1016,259457,256935,single_exact_row,1.2439841032028198,1.1706866025924683,1.2740925550460815,0.7321325540542603,0.7598443031311035,1.0409832000732422,0.7052067518234253,0.9812176823616028,1.0,0.677202582359314,0.6463360786437988,0.3474579155445099,0.894926905632019,1.0,10.836379051208496,False,False,False,False,False,True,True
8e26f33fb7e6bf25c45e109025699c91e0858f1ffe481aba99c49c1a3ba3e714,g567_stage2a_label_train_00060,LABEL_TRAIN,g567-maze-48x32-a-v3,maze,256,30000,g567_stage2a_diagnostic_a5_label_train_selected_actor_primary_30s_exact_s566_37bfe054a638,g567_stage2a_diagnostic_a5_label_train_selected_actor_primary_30s_exact_s566_37bfe054a638,SELECTED_ACTOR_PRIMARY_30S_EXACT,True,False,True,False,0.043,True,single_run_both_success_or_both_failure,2da6c961fe5f63a1f90986d8d8dcb813726906acb091782befb17eb57bfc124b,1,False,False,False,False,False,False,True,True,True,True,True,False,False,False,False,False,False,False,False,0.07927754033000012,0.07583069075000015,0.04784227217000003,True,True,True,True,1.78781193989,1.70853439956,1.71198124914,1.73996966772,False,False,False,False,False,False,651.63226,471.496422,650.016052,647.584066,1189,1137,301202,287898,single_exact_row,1.245896577835083,1.169429063796997,1.267857313156128,0.7326916456222534,0.760574996471405,1.0410007238388062,0.7038813233375549,0.9811438918113708,1.0,0.6769633293151855,0.6460734605789185,0.3470308780670166,0.8950793743133545,1.0,10.835458755493164,False,False,False,False,False,False,False
eb5617f37a5a3d64ee769b1d55a40bd7821686621aab4f84a3ad4d7fab2f526a,g567_stage2a_label_train_00061,LABEL_TRAIN,g567-maze-64x32-b-v2,maze,256,30000,g567_stage2a_diagnostic_a5_label_train_selected_actor_primary_30s_exact_s566_e16ed5619cc9,g567_stage2a_diagnostic_a5_label_train_selected_actor_primary_30s_exact_s566_e16ed5619cc9,SELECTED_ACTOR_PRIMARY_30S_EXACT,True,False,True,False,0.043,True,single_run_both_success_or_both_failure,a8e4ca3d4e9bc41d7451d21a30c0e5235e912b5f2552fd3972f6ce9e3b432e45,1,False,False,False,False,False,False,True,True,True,True,True,False,False,False,False,False,False,False,False,0.12237189979000007,0.16291073901999997,0.0888832934699999,True,True,True,True,2.64308195896,2.52071005917,2.48017121994,2.55419866549,False,False,False,False,False,False,1016.866377,875.736436,1018.068252,965.238793,2270,1974,657883,536800,single_exact_row,1.2474623918533325,1.1672415733337402,1.261278748512268,0.732986569404602,0.7625482082366943,1.0411696434020996,0.7028098106384277,0.9811257719993591,1.0,0.6761345863342285,0.6461405754089355,0.346353679895401,0.8972282409667969,1.0,10.833048820495605,False,False,False,False,False,False,False
1ef961cf43bee069cb52253a99f169d2068f21c0138a7238d13f7e6cc5f2acc4,g567_stage2a_label_train_00062,LABEL_TRAIN,g567-maze-64x32-b-v2,maze,256,30000,g567_stage2a_diagnostic_a5_label_train_selected_actor_primary_30s_exact_s566_0603d6384d44,g567_stage2a_diagnostic_a5_label_train_selected_actor_primary_30s_exact_s566_0603d6384d44,SELECTED_ACTOR_PRIMARY_30S_EXACT,True,True,False,False,0.043,True,single_run_both_success_or_both_failure,4250ef8186ef363e3b6ea75d9415962839c27355af9a9083ffb5b170e7bed497,1,False,False,False,False,False,False,True,True,True,True,True,True,True,True,True,True,False,True,False,-0.06926438456000006,-0.06467589220999992,-0.004369992720000049,True,True,True,True,1.56933721777,1.63860160233,1.63401310998,1.57370721049,False,False,False,False,False,False,879.506493,750.806255,918.922011,881.276217,1526,1500,387363,382400,single_exact_row,1.2509446144104004,1.1653544902801514,1.2544573545455933,0.7273577451705933,0.7619044184684753,1.0391302108764648,0.6980605125427246,0.9810603260993958,1.0,0.6730453968048096,0.6396887302398682,0.35027796030044556,0.926988422870636,1.0,10.849217414855957,False,False,False,False,False,True,True
7336a7aca562f750b4434aabf8ac10b4b42da52f5cf640d31321907fc83c59df,g567_stage2a_label_train_00040,LABEL_TRAIN,g567-plaza-40x40-a-v0,plaza,128,30000,g567_stage2a_diagnostic_a5_label_train_selected_actor_primary_30s_exact_s566_170749431e90,g567_stage2a_diagnostic_a5_label_train_selected_actor_primary_30s_exact_s566_170749431e90,SELECTED_ACTOR_PRIMARY_30S_EXACT,True,False,False,True,0.043,True,single_run_both_success_or_both_failure,2fab94857b2a6a84a94d2bded92f24b768833bcf1ba24e037790882919ffe2a7,1,False,False,False,False,False,False,True,True,True,True,True,True,True,True,False,False,False,False,False,0.02420957543000002,0.03360433605000002,0.041011743449999916,True,True,True,True,1.25004516712,1.22583559169,1.21644083107,1.20903342367,False,False,False,False,False,False,344.764237,266.300616,349.731493,342.323614,945,912,123937,117482,single_exact_row,1.2514288425445557,1.1685247421264648,1.2600027322769165,0.7171674370765686,0.7583853602409363,1.0379096269607544,0.7023389935493469,0.9811704754829407,1.0,0.6692507266998291,0.6348954439163208,0.35784783959388733,0.9510138034820557,1.0,10.871801376342773,False,False,False,False,False,True,True
aa43ac69dc2ad81931b0b6d6f8a5b2e42d513c51204199741c974efb372281f4,g567_stage2a_label_train_00038,LABEL_TRAIN,g567-plaza-40x40-a-v1,plaza,128,30000,g567_stage2a_diagnostic_a5_label_train_selected_actor_primary_30s_exact_s566_73de66dca9b2,g567_stage2a_diagnostic_a5_label_train_selected_actor_primary_30s_exact_s566_73de66dca9b2,SELECTED_ACTOR_PRIMARY_30S_EXACT,True,False,True,False,0.043,True,single_run_both_success_or_both_failure,2e7c964415c57735611a8306a460d4c612d4f2bcd5f7b01aced40bdd010c6aa1,1,False,False,False,False,False,False,True,True,True,True,True,True,True,False,False,False,False,False,False,-0.003416651680000049,0.033986693039999905,0.049451537499999976,True,True,True,True,1.2174069412,1.22082359288,1.18342024816,1.1679554037,False,False,False,False,False,False,336.106613,269.193594,335.299967,330.447438,994,914,133624,115629,single_exact_row,1.2524327039718628,1.1661492586135864,1.255452275276184,0.7192359566688538,0.7597508430480957,1.036625862121582,0.7019146680831909,0.9810925722122192,1.0,0.6696774959564209,0.6343671679496765,0.35467708110809326,0.9471790194511414,1.0,10.865134239196777,False,False,False,False,False,True,True
4fcb64613bfe2d38159f1e891ee2a6476fd0c774c40ba00cb173ccd6e64c01fc,g567_stage2a_label_train_00011,LABEL_TRAIN,g567-random-24x24-a-v0,random,32,30000,g567_stage2a_diagnostic_a5_label_train_selected_actor_primary_30s_exact_s566_66cfe66cffb0,g567_stage2a_diagnostic_a5_label_train_selected_actor_primary_30s_exact_s566_66cfe66cffb0,SELECTED_ACTOR_PRIMARY_30S_EXACT,True,False,False,True,0.043,True,single_run_both_success_or_both_failure,00f4cbd0cd8738ee6e4dae8a5b9c787f40fe03ec42f58069cfbd6058d82d0e02,1,False,False,False,False,False,False,True,True,True,True,True,True,True,True,False,False,False,False,False,-0.036384976529999946,-0.03521126760999982,-0.010563380279999812,True,True,True,True,1.06220657277,1.0985915493,1.09741784038,1.07276995305,False,False,False,False,False,False,31.929988,26.863269,32.534197,31.669434,513,511,16042,15956,single_exact_row,1.2538859844207764,1.1696128845214844,1.256654977798462,0.7145136594772339,0.7597302794456482,1.0327152013778687,0.7052597403526306,0.981128454208374,1.0,0.6685150861740112,0.6316680908203125,0.3550340533256531,0.9470653533935547,1.0,10.873791694641113,False,False,False,False,False,True,True
8bd64d50f1f796cfa8dfa0acbd8432cbc790614866e5bc1e66ccc4ba0256bfa7,g567_stage2a_label_train_00012,LABEL_TRAIN,g567-random-24x24-a-v3,random,32,30000,g567_stage2a_diagnostic_a5_label_train_selected_actor_primary_30s_exact_s566_559cd6600569,g567_stage2a_diagnostic_a5_label_train_selected_actor_primary_30s_exact_s566_559cd6600569,SELECTED_ACTOR_PRIMARY_30S_EXACT,True,False,False,True,0.043,True,single_run_both_success_or_both_failure,1fdc23c9668a2f68de8c644b0cad78e2bd43c633083e0cf5cb89488a06181221,1,False,False,False,False,False,False,True,True,True,True,True,True,True,True,False,False,False,False,False,-0.012285012290000008,-0.025798525799999972,-0.02334152335000006,True,True,True,True,1.03808353808,1.05036855037,1.06388206388,1.06142506143,False,False,False,False,False,False,33.283054,30.060811,34.454507,33.203369,484,476,15546,14923,single_exact_row,1.2538504600524902,1.1671996116638184,1.2542868852615356,0.7158169746398926,0.7605658173561096,1.0322667360305786,0.7047578692436218,0.9811004996299744,1.0,0.6689422726631165,0.6321364641189575,0.35343271493911743,0.9489431381225586,1.0,10.868448257446289,False,False,False,False,False,True,True
2ccd4cf7620e7ed141915d64d838d9937bfcc99193a1eb49ddc417f093d06b54,g567_stage2a_label_train_00013,LABEL_TRAIN,g567-random-24x24-a-v3,random,32,30000,g567_stage2a_diagnostic_a5_label_train_selected_actor_primary_30s_exact_s566_d62038931ece,g567_stage2a_diagnostic_a5_label_train_selected_actor_primary_30s_exact_s566_d62038931ece,SELECTED_ACTOR_PRIMARY_30S_EXACT,True,False,False,False,0.043,True,single_run_both_success_or_both_failure,4725ee09b755ca8148523e94534c5f8a1843b1d36f7a15cf92f75b8d27809a9f,1,False,False,False,False,False,False,True,True,True,True,True,True,True,True,True,False,False,False,False,-0.05739514348999997,-0.0022075055199999305,-0.024282560700000122,True,True,True,True,1.12803532009,1.18543046358,1.13024282561,1.15231788079,False,False,False,False,False,False,31.621705,25.872411,32.485094,31.823807,356,342,11008,10559,single_exact_row,1.2499752044677734,1.1686391830444336,1.270226001739502,0.7160601615905762,0.7591513991355896,1.0387921333312988,0.7029707431793213,0.9815366864204407,1.0,0.6668702363967896,0.6349500417709351,0.35950326919555664,0.9549366235733032,1.0,10.853113174438477,False,False,False,False,False,True,True
c8dc4c3829cb9a0ab52c7db9e6c1c3701585b9e05a51dfb1a5e9c24d6461a56f,g567_stage2a_label_train_00014,LABEL_TRAIN,g567-random-24x24-a-v3,random,32,30000,g567_stage2a_diagnostic_a5_label_train_selected_actor_primary_30s_exact_s566_c8fbfafadb42,g567_stage2a_diagnostic_a5_label_train_selected_actor_primary_30s_exact_s566_c8fbfafadb42,SELECTED_ACTOR_PRIMARY_30S_EXACT,True,False,False,True,0.043,True,single_run_both_success_or_both_failure,8e334a7c85e7d55e0062ef307e3db2a6ec59dccc176d0260234bd2a58e0b2dd4,1,False,False,False,False,False,False,True,True,True,True,True,True,True,True,False,False,False,False,False,-0.02459016393999991,-0.009367681499999891,-0.0070257611299999745,True,True,True,True,1.07845433255,1.10304449649,1.08782201405,1.08548009368,False,False,False,False,False,False,33.774599,26.558697,34.179761,33.805261,553,535,17880,17111,single_exact_row,1.253927230834961,1.1670187711715698,1.2542839050292969,0.7155282497406006,0.7604796290397644,1.0324420928955078,0.7046964168548584,0.9811038374900818,1.0,0.6686159372329712,0.6316973567008972,0.35379207134246826,0.9492795467376709,1.0,10.869199752807617,False,False,False,False,False,True,True
7827f209f15a77745fb1db2adf19ac75088678aa12c91bd002aedaf24073c680,g567_stage2a_label_train_00023,LABEL_TRAIN,g567-room-24x24-a-v2,room,64,30000,g567_stage2a_diagnostic_a5_label_train_selected_actor_primary_30s_exact_s566_48084fbbba40,g567_stage2a_diagnostic_a5_label_train_selected_actor_primary_30s_exact_s566_48084fbbba40,SELECTED_ACTOR_PRIMARY_30S_EXACT,True,False,False,True,0.043,True,single_run_both_success_or_both_failure,124c8973238a1fa3990f7b8ea72b7721c6088e1cd414fc467439434e8c8ed684,1,False,False,False,False,False,False,True,True,True,True,True,True,True,True,False,False,False,False,False,-0.04028021014999994,0.0105078809100001,-0.03940455341000004,True,True,True,True,1.66637478109,1.70665499124,1.65586690018,1.7057793345,False,False,False,False,False,False,87.724776,73.819636,97.303455,98.320557,659,642,41644,40304,single_exact_row,1.2511409521102905,1.168205976486206,1.2624236345291138,0.7206808924674988,0.7618989944458008,1.0373551845550537,0.7033873796463013,0.9813407063484192,1.0,0.6716762185096741,0.640090823173523,0.35197532176971436,0.9402379989624023,1.0,10.84536075592041,False,False,False,False,False,True,True
890b5e35055227617682b9ce9c03d82f54d05448263a48ceed6af82c1e97db3c,g567_stage2a_label_train_00039,LABEL_TRAIN,g567-spiral-40x40-a-v0,spiral,128,30000,g567_stage2a_diagnostic_a5_label_train_selected_actor_primary_30s_exact_s566_7cb88f85a9cc,g567_stage2a_diagnostic_a5_label_train_selected_actor_primary_30s_exact_s566_7cb88f85a9cc,SELECTED_ACTOR_PRIMARY_30S_EXACT,True,False,True,False,0.043,True,single_run_both_success_or_both_failure,523a87f783ef04ae10261259dcef2b0f878812e9ed53037aa49c600b0ae59d6f,1,False,False,False,False,False,False,True,True,True,True,True,False,False,False,False,False,False,False,False,0.12784398699999988,0.10157096424,0.06229685807000007,True,True,True,True,1.6048212351,1.4769772481,1.50325027086,1.54252437703,False,False,False,False,False,False,361.53597,266.777748,359.862459,349.5024,1038,918,144909,119456,single_exact_row,1.248295545578003,1.1683909893035889,1.2687443494796753,0.7223784923553467,0.7597686648368835,1.0398973226547241,0.7037158012390137,0.9813984632492065,1.0,0.6704133749008179,0.6391478180885315,0.3554469048976898,0.9340574145317078,1.0,10.847023963928223,False,False,False,False,False,False,False
30d434f4f20f598b130c372120ea112cb5f8d490a77698d6aecd8b64b077d0c7,g567_stage2a_label_train_00037,LABEL_TRAIN,g567-spiral-40x40-a-v1,spiral,128,30000,g567_stage2a_diagnostic_a5_label_train_selected_actor_primary_30s_exact_s566_a6368cb148d6,g567_stage2a_diagnostic_a5_label_train_selected_actor_primary_30s_exact_s566_a6368cb148d6,SELECTED_ACTOR_PRIMARY_30S_EXACT,True,False,False,True,0.043,True,single_run_both_success_or_both_failure,641624816ca29f634a7679cdeee871ba468ac6b3ac3b9f8d5fcbe53eea56d45b,1,False,False,False,False,False,False,True,True,True,True,True,True,True,True,False,False,False,False,False,-0.038977993279999845,0.008951883630000212,0.02834763148000019,True,True,True,True,1.20085788885,1.23983588213,1.19190600522,1.17251025737,False,False,False,False,False,False,329.82015,247.908038,333.833038,328.369173,904,910,114065,115343,single_exact_row,1.2524526119232178,1.1659729480743408,1.255268931388855,0.7193783521652222,0.7598111033439636,1.0366888046264648,0.7017777562141418,0.981090784072876,1.0,0.6696823239326477,0.6343979835510254,0.35461458563804626,0.9469167590141296,1.0,10.864636421203613,False,False,False,False,False,True,True
de5dd2d3f904b958268ab4e49709ccb22fc8c3043b58aa9b1b3718acdc7e6524,g567_stage2a_label_train_00005,LABEL_TRAIN,g567-string-32x24-a-v0,irregular_bottleneck,32,30000,g567_stage2a_diagnostic_a5_label_train_selected_actor_primary_30s_exact_s566_f028a21db717,g567_stage2a_diagnostic_a5_label_train_selected_actor_primary_30s_exact_s566_f028a21db717,SELECTED_ACTOR_PRIMARY_30S_EXACT,True,False,False,True,0.043,True,single_run_both_success_or_both_failure,9cce4173fc6ce60f75a5b07e60fa0beaf9757920ea8782c02d14536b6c177234,1,False,False,False,False,False,False,True,True,True,True,True,True,True,True,False,False,False,False,False,-0.026049204049999997,-0.020260492040000022,-0.039073806079999995,True,True,True,True,1.18958031838,1.21562952243,1.20984081042,1.22865412446,False,False,False,False,False,False,25.095548,22.539981,27.121758,25.171667,450,476,13974,15100,single_exact_row,1.2540030479431152,1.1704366207122803,1.2475051879882812,0.7235089540481567,0.767864465713501,1.0205481052398682,0.7089566588401794,0.9810192584991455,1.0,0.6750675439834595,0.6371726393699646,0.3422417938709259,0.927940309047699,1.0,10.84445571899414,False,False,False,False,False,True,True
38179254c7e235354a84a04fd87fde82c3af9053522a22f46831dd4be8a24c9c,g567_stage2a_label_train_00006,LABEL_TRAIN,g567-string-32x24-a-v2,irregular_bottleneck,32,30000,g567_stage2a_diagnostic_a5_label_train_selected_actor_primary_30s_exact_s566_818631de0bee,g567_stage2a_diagnostic_a5_label_train_selected_actor_primary_30s_exact_s566_818631de0bee,SELECTED_ACTOR_PRIMARY_30S_EXACT,True,False,False,True,0.043,True,single_run_both_success_or_both_failure,a5ad97ab1a31c37cdfb8f647c91536fcd23755d2152335191583e596619c0551,1,False,False,False,False,False,False,True,True,True,True,True,True,True,True,False,False,False,False,False,-0.011688311689999953,-0.0038961039000000586,0.011688311679999952,True,True,True,True,1.14545454545,1.15714285714,1.14935064935,1.13376623377,False,False,False,False,False,False,25.118145,20.446938,24.903855,28.731631,468,470,14627,14720,single_exact_row,1.2537685632705688,1.172725796699524,1.243241548538208,0.72647625207901,0.7714975476264954,1.014111042022705,0.7109907269477844,0.9809810519218445,1.0,0.6776859164237976,0.6397188901901245,0.33916398882865906,0.9188905954360962,1.0,10.835162162780762,False,False,False,False,False,True,True
4861bf954636ef004e65b78f0795a0febf6ff16827f052e5aba16aa6134bbb27,g567_stage2a_label_train_00007,LABEL_TRAIN,g567-tree-32x32-a-v1,tree,32,30000,g567_stage2a_diagnostic_a5_label_train_selected_actor_primary_30s_exact_s566_ad935ea2f637,g567_stage2a_diagnostic_a5_label_train_selected_actor_primary_30s_exact_s566_ad935ea2f637,SELECTED_ACTOR_PRIMARY_30S_EXACT,True,False,False,True,0.043,True,single_run_both_success_or_both_failure,74567c927bc4887a09333d1227543b3132b148a656ed148a7e6ed8f21d528c5c,1,False,False,False,False,False,False,True,True,True,True,True,True,True,True,False,False,False,False,False,0.011235955059999858,0.02434456928999995,0.02434456928999995,True,True,True,True,1.11985018727,1.10861423221,1.09550561798,1.09550561798,False,False,False,False,False,False,26.462033,22.428678,26.845335,31.741817,335,315,10398,9696,single_exact_row,1.2494511604309082,1.1748820543289185,1.281545639038086,0.7237048149108887,0.7620009183883667,1.0331376791000366,0.7055501937866211,0.9814152717590332,1.0,0.675138533115387,0.6423467397689819,0.3449440598487854,0.9214556813240051,1.0,10.837364196777344,False,False,False,False,False,True,True
3c7e491378b7e9d4cac0eaa46d9032f0a481e6355195de0bf42cac8e3a064008,g567_stage2a_label_train_00008,LABEL_TRAIN,g567-tree-32x32-a-v1,tree,32,30000,g567_stage2a_diagnostic_a5_label_train_selected_actor_primary_30s_exact_s566_56c6781efb74,g567_stage2a_diagnostic_a5_label_train_selected_actor_primary_30s_exact_s566_56c6781efb74,SELECTED_ACTOR_PRIMARY_30S_EXACT,True,False,True,False,0.043,True,single_run_both_success_or_both_failure,44f6a926d55f5af192a566c6e36602005edb53f1705965360a0451d59baa455e,1,False,False,False,False,False,False,True,True,True,True,True,True,True,False,False,False,False,False,False,0.0,0.007792207790000116,0.04935064935,True,True,True,True,1.22597402597,1.22597402597,1.21818181818,1.17662337662,False,False,False,False,False,False,26.977263,23.861225,33.867905,27.681744,499,504,15521,15773,single_exact_row,1.2539745569229126,1.1697590351104736,1.2493646144866943,0.72207111120224,0.7663200497627258,1.0232206583023071,0.7081610560417175,0.9810478091239929,1.0,0.6739544868469238,0.6361674666404724,0.34391966462135315,0.9321267008781433,1.0,10.848760604858398,False,False,False,False,False,True,True
d55019a7a1001e99934f076a74a2c20fba9111b36cc2d5f4bc664bdecff1e85a,g567_stage2a_label_train_00009,LABEL_TRAIN,g567-tree-32x32-a-v1,tree,32,30000,g567_stage2a_diagnostic_a5_label_train_selected_actor_primary_30s_exact_s566_92596e8e25bd,g567_stage2a_diagnostic_a5_label_train_selected_actor_primary_30s_exact_s566_92596e8e25bd,SELECTED_ACTOR_PRIMARY_30S_EXACT,True,False,False,True,0.043,True,single_run_both_success_or_both_failure,0da91253df084b6a4e1b890f422a4466e3560bf6ebe0f63781c48a34020859c7,1,False,False,False,False,False,False,True,True,True,True,True,True,True,True,False,False,False,False,False,0.006437768239999864,-0.008583690990000115,0.006437768239999864,True,True,True,True,1.14806866953,1.14163090129,1.15665236052,1.14163090129,False,False,False,False,False,False,25.456679,22.623723,26.205671,26.120868,313,295,9787,9149,single_exact_row,1.251358151435852,1.1721912622451782,1.2669049501419067,0.7250727415084839,0.7643115520477295,1.0324758291244507,0.7055472731590271,0.9812945127487183,1.0,0.6754987239837646,0.6427090167999268,0.34369954466819763,0.9214202761650085,1.0,10.834502220153809,False,False,False,False,False,True,True
d16026f5ae341b5a794cb224e39aa3e401d8dfaa8491ab0af5a90a8a97379c8a,g567_stage2a_label_train_00010,LABEL_TRAIN,g567-tree-32x32-a-v3,tree,32,30000,g567_stage2a_diagnostic_a5_label_train_selected_actor_primary_30s_exact_s566_add24705f66c,g567_stage2a_diagnostic_a5_label_train_selected_actor_primary_30s_exact_s566_add24705f66c,SELECTED_ACTOR_PRIMARY_30S_EXACT,True,False,False,False,0.043,True,single_run_both_success_or_both_failure,4396b137d568d2f1b6913afcbc30e9cfea327919ad3e7c9907d192be6988f2fe,1,False,False,False,False,False,False,True,True,True,True,True,True,True,True,False,True,False,False,False,-0.013853904290000107,-0.056675062980000135,-0.017632241820000116,True,True,True,True,1.20528967254,1.21914357683,1.26196473552,1.22292191436,False,False,False,False,False,False,27.015417,27.290271,29.338584,26.994462,514,535,15937,16604,single_exact_row,1.2531332969665527,1.1740533113479614,1.2470042705535889,0.7249414324760437,0.7690514922142029,1.018642544746399,0.709696888923645,0.981043815612793,1.0,0.6766560077667236,0.6389984488487244,0.3404768705368042,0.9233977794647217,1.0,10.84129524230957,False,False,False,False,False,True,True
be96c8b4acd91e13008eeb5f11a6c85f53aac0c22902b3a94903e8b8777225a4,g567_stage2a_label_train_00017,LABEL_TRAIN,g567-tunnel-24x24-a-v0,tunnel,64,30000,g567_stage2a_diagnostic_a5_label_train_selected_actor_primary_30s_exact_s566_d0ce3a352b92,g567_stage2a_diagnostic_a5_label_train_selected_actor_primary_30s_exact_s566_d0ce3a352b92,SELECTED_ACTOR_PRIMARY_30S_EXACT,True,False,False,True,0.043,True,single_run_both_success_or_both_failure,a0abca193fcaf01544f70e941c5a8bf6ccb0c6fc3edea34f84c1d2bf82828d89,1,False,False,False,False,False,False,True,True,True,True,True,True,True,True,False,False,False,False,False,nan,nan,nan,False,False,False,False,,,,,False,False,False,False,False,False,38186.51202,37679.0329,37897.803073,41113.809405,54620,56616,21811818,22429725,single_exact_row,1.2530966997146606,1.1718978881835938,1.247316598892212,0.726289689540863,0.7695441842079163,1.0197608470916748,0.7092554569244385,0.9810248017311096,1.0,0.6771612763404846,0.6404542922973633,0.3408045172691345,0.9234216809272766,1.0,10.836957931518555,False,False,False,False,False,True,True
9dce004eb034547a459819ec5488670fb456a36fef5c2a7c74cc74f9400f9e0f,g567_stage2a_label_train_00019,LABEL_TRAIN,g567-tunnel-24x24-a-v1,tunnel,64,30000,g567_stage2a_diagnostic_a5_label_train_selected_actor_primary_30s_exact_s566_dfead26dea6e,g567_stage2a_diagnostic_a5_label_train_selected_actor_primary_30s_exact_s566_dfead26dea6e,SELECTED_ACTOR_PRIMARY_30S_EXACT,True,True,False,False,0.043,True,single_run_both_success_or_both_failure,303e9fe3be8b17acc62efdfbb678c790e8bd3e4966f2604ab86a3574ed9911f3,1,False,False,False,False,False,False,True,True,True,True,True,True,True,True,True,True,False,True,False,-1.3907103825099998,-0.21038251365999971,-0.01092896173999991,True,True,True,True,1.87249544627,3.26320582878,2.08287795993,1.88342440801,False,False,False,False,False,False,52.251292,187.340349,58.446458,53.139283,842,875,55651,55910,single_exact_row,1.2523527145385742,1.17301344871521,1.251643419265747,0.7243771553039551,0.766842782497406,1.024404525756836,0.7078601121902466,0.981097936630249,1.0,0.6758739352226257,0.6396570205688477,0.3425265848636627,0.9295101165771484,1.0,10.843667984008789,False,False,False,False,False,True,True
48f4509565f17d0127ff8b7159e9aaa80047e0ce20bddeafd6213acef21dbd9c,g567_stage2a_label_train_00018,LABEL_TRAIN,g567-tunnel-24x24-a-v1,tunnel,64,30000,g567_stage2a_diagnostic_a5_label_train_selected_actor_primary_30s_exact_s566_e0ebb2d2d3ff,g567_stage2a_diagnostic_a5_label_train_selected_actor_primary_30s_exact_s566_e0ebb2d2d3ff,SELECTED_ACTOR_PRIMARY_30S_EXACT,True,False,True,False,0.043,True,single_run_both_success_or_both_failure,63159daaa104ace8199455d5d8040e3807f1f7e478ada31018f5ce334493a13c,1,False,False,False,False,False,False,True,True,True,True,True,False,True,False,False,True,False,False,False,0.2486535008999997,-0.20107719928000023,0.15619389587,True,True,True,True,2.31418312388,2.06552962298,2.51526032316,2.15798922801,False,False,False,False,False,False,57.451509,166.470298,83.825225,55.318388,1025,929,67068,59680,single_exact_row,1.2522330284118652,1.1739094257354736,1.2494808435440063,0.7259951233863831,0.7687671780586243,1.02150559425354,0.7088995575904846,0.9810744524002075,1.0,0.6771212816238403,0.640911877155304,0.34088391065597534,0.9251742959022522,1.0,10.838701248168945,False,False,False,False,False,False,False
bf7aa818b739ceb7d8fde3cd2f0f61b396b65a0a77decd7ce34b6aa7f5c0b894,g567_stage2a_label_train_00024,LABEL_TRAIN,g567-tunnel-64x32-a-v0,tunnel,64,30000,g567_stage2a_diagnostic_a5_label_train_selected_actor_primary_30s_exact_s566_587244b8a28c,g567_stage2a_diagnostic_a5_label_train_selected_actor_primary_30s_exact_s566_587244b8a28c,SELECTED_ACTOR_PRIMARY_30S_EXACT,True,False,False,True,0.043,True,single_run_both_success_or_both_failure,17996967430afcaff4a8e9624f4ff49d1bb608142fd2709a728c4a65d7d37a53,1,False,False,False,False,False,False,True,True,True,True,True,True,True,True,False,False,False,False,False,0.011124121779999996,0.00117096019000007,-0.03103044497000007,True,True,True,True,1.15632318501,1.14519906323,1.15515222482,1.18735362998,False,False,False,False,False,False,84.55736,71.951065,86.84602,96.291661,697,684,43812,42977,single_exact_row,1.2469391822814941,1.1818876266479492,1.307214379310608,0.7270939350128174,0.7561782002449036,1.0294712781906128,0.7067270278930664,0.9812963604927063,1.0,0.6794571876525879,0.6431887149810791,0.3412121534347534,0.8952198624610901,1.0,10.841681480407715,False,False,False,False,False,True,True
39bbbc2f5d36ae84e045718bffdfcf9df85243d06a07f2ee8d631b4fab0bac95,g567_stage2a_label_train_00025,LABEL_TRAIN,g567-tunnel-64x32-a-v3,tunnel,64,30000,g567_stage2a_diagnostic_a5_label_train_selected_actor_primary_30s_exact_s566_80b1a28d11ed,g567_stage2a_diagnostic_a5_label_train_selected_actor_primary_30s_exact_s566_80b1a28d11ed,SELECTED_ACTOR_PRIMARY_30S_EXACT,True,False,False,True,0.043,True,single_run_both_success_or_both_failure,9d60e2d0e79781b07ae11466fe3e091a1b25f154c1fdb7ba186ca2d5bb5ce979,1,False,False,False,False,False,False,True,True,True,True,True,True,True,True,False,False,False,False,False,0.010058675600000067,0.03939647945999991,0.010058675600000067,True,True,True,True,1.23554065381,1.22548197821,1.19614417435,1.22548197821,False,False,False,False,False,False,83.080404,68.822051,92.954108,89.902624,550,560,34424,35067,single_exact_row,1.2528139352798462,1.173508644104004,1.2612159252166748,0.7281944155693054,0.7634766101837158,1.0262763500213623,0.7070590257644653,0.9810609817504883,1.0,0.6782799363136292,0.6423277854919434,0.3406173288822174,0.905747652053833,1.0,10.834197044372559,False,False,False,False,False,True,True
f06fe440359e7cef85e7095184cf897b848e25717d68db19ae5615ebac3db9aa,g567_stage2a_label_train_00016,LABEL_TRAIN,g567-warehouse-20x10-a-v1,warehouse,64,30000,g567_stage2a_diagnostic_a5_label_train_selected_actor_primary_30s_exact_s566_88c48e91d132,g567_stage2a_diagnostic_a5_label_train_selected_actor_primary_30s_exact_s566_88c48e91d132,SELECTED_ACTOR_PRIMARY_30S_EXACT,True,True,False,False,0.043,True,single_run_both_success_or_both_failure,3491e6dc58c07a6333a29e2eea25c0036c39fbc4663c9033e9d78f253bc3bbb4,1,False,False,False,False,False,False,True,True,True,True,True,True,True,True,True,True,True,True,True,-0.41244239632000035,-0.53801843318,-0.52419354839,True,True,True,True,3.31105990783,3.72350230415,3.84907834101,3.83525345622,False,False,False,False,False,False,41.841391,43.064672,47.816539,48.346089,1117,1309,76554,87939,single_exact_row,1.2527492046356201,1.1674916744232178,1.2551771402359009,0.719306230545044,0.7622248530387878,1.0329630374908447,0.7042326331138611,0.9811635613441467,1.0,0.6719130277633667,0.6368838548660278,0.35050874948501587,0.9455195665359497,1.0,10.856263160705566,False,False,False,False,False,True,True
fc0bde233826d9369788d1ee6343304e308ad3f6a5cfc3d6459ee7c4efa843d6,g567_stage2a_label_train_00022,LABEL_TRAIN,g567-warehouse-32x24-a-v2,warehouse,64,30000,g567_stage2a_diagnostic_a5_label_train_selected_actor_primary_30s_exact_s566_17649a9c7b15,g567_stage2a_diagnostic_a5_label_train_selected_actor_primary_30s_exact_s566_17649a9c7b15,SELECTED_ACTOR_PRIMARY_30S_EXACT,True,False,True,False,0.043,True,single_run_both_success_or_both_failure,fa650cb1635c8e8be079e3462157c9937346c12b1be7f3a7aab89accbbf3fa38,1,False,False,False,False,False,False,True,True,True,True,True,False,False,False,False,False,False,False,False,0.20708446865999997,0.09627611262000002,0.06902815621999991,True,True,True,True,1.81380563124,1.60672116258,1.71752951862,1.74477747502,False,False,False,False,False,False,74.09387,63.185917,85.755102,77.465961,654,685,46217,47059,single_exact_row,1.2524186372756958,1.1664296388626099,1.256667971611023,0.7207565307617188,0.7623911499977112,1.03659188747406,0.7028543949127197,0.9812272191047668,1.0,0.6711648106575012,0.6383817195892334,0.3515132963657379,0.9417165517807007,1.0,10.847915649414062,False,False,False,False,False,False,False
7fd7a4d00dea7e1c0d65cbdfc378cebf3f0b406235b2392797fdcfd3a2c6f1f5,g567_stage2a_label_train_00030,LABEL_TRAIN,g567-warehouse-48x32-a-v1,warehouse,64,30000,g567_stage2a_diagnostic_a5_label_train_selected_actor_primary_30s_exact_s566_0f0d97bfefeb,g567_stage2a_diagnostic_a5_label_train_selected_actor_primary_30s_exact_s566_0f0d97bfefeb,SELECTED_ACTOR_PRIMARY_30S_EXACT,True,False,False,True,0.043,True,single_run_both_success_or_both_failure,0dcf27d59f179cb06c0b608f0f9f8f90fbc5bf1e14a1ed70cae617936a00d218,1,False,False,False,False,False,False,True,True,True,True,True,True,True,True,False,False,False,False,False,-0.03059071729999996,0.002461322079999828,0.022151898730000008,True,True,True,True,1.08368495077,1.11427566807,1.08122362869,1.06153305204,False,False,False,False,False,False,146.664462,121.341053,152.229706,148.157646,921,915,58176,57790,single_exact_row,1.2524560689926147,1.168104648590088,1.256784200668335,0.7177758812904358,0.7610486745834351,1.0331534147262573,0.7043666243553162,0.9811855554580688,1.0,0.6714419722557068,0.6359409689903259,0.3522976040840149,0.9484517574310303,1.0,10.86170482635498,False,False,False,False,False,True,True
23114d764dd58d8d1c4f555dbb8d5b492a7975a9c63fac7c0bb46fcbcea880fe,g567_stage2a_label_train_00031,LABEL_TRAIN,g567-warehouse-48x32-a-v2,warehouse,64,30000,g567_stage2a_diagnostic_a5_label_train_selected_actor_primary_30s_exact_s566_237b2ec82713,g567_stage2a_diagnostic_a5_label_train_selected_actor_primary_30s_exact_s566_237b2ec82713,SELECTED_ACTOR_PRIMARY_30S_EXACT,True,False,False,True,0.043,True,single_run_both_success_or_both_failure,70176525aa673dad49c77caed50713600c90e635bccad1b7101b07fe3ed6fff6,1,False,False,False,False,False,False,True,True,True,True,True,True,True,True,False,False,False,False,False,-0.020855807260000025,-0.011147069399999987,0.014742898239999969,True,True,True,True,1.08594030924,1.1067961165,1.09708737864,1.071197411,False,False,False,False,False,False,149.941293,117.600177,150.843579,148.180119,906,903,57216,57213,single_exact_row,1.252422571182251,1.1682714223861694,1.2565698623657227,0.7182901501655579,0.7613022923469543,1.0328257083892822,0.7044528126716614,0.9811776876449585,1.0,0.6718717217445374,0.6364526152610779,0.3516784906387329,0.9474343061447144,1.0,10.860422134399414,False,False,False,False,False,True,True
8a8402fd0be288cfbfff5933d9a73e9aa3f295055727f734f644f879fc7a42e9,g567_stage2a_label_train_00027,LABEL_TRAIN,room_32_32_4,room,64,30000,g567_stage2a_diagnostic_a5_label_train_selected_actor_primary_30s_exact_s566_d3c788d8ded4,g567_stage2a_diagnostic_a5_label_train_selected_actor_primary_30s_exact_s566_d3c788d8ded4,SELECTED_ACTOR_PRIMARY_30S_EXACT,True,False,True,False,0.043,True,single_run_both_success_or_both_failure,f8fc69bd28bb1750335f49ff2fbfd2d00829adb05a40eb288194898c28e0e090,1,False,False,False,False,False,False,True,True,True,True,True,False,False,False,False,False,False,False,False,0.07175177763999985,0.09631544926000002,0.04460245637000004,True,True,True,True,1.48416289593,1.41241111829,1.38784744667,1.43956043956,False,False,False,False,False,False,95.098835,80.444969,102.205496,94.916823,730,703,46828,44637,single_exact_row,1.252218246459961,1.166542649269104,1.2578333616256714,0.7217617034912109,0.7603825926780701,1.0381313562393188,0.7022724151611328,0.9811674952507019,1.0,0.6694127321243286,0.6371586322784424,0.35359716415405273,0.9422941207885742,1.0,10.848297119140625,False,False,False,False,False,False,False
607936e438760b6771f55a21827ce5a81e87c527345c98c45e1064c304167087,g567_stage2a_label_train_00042,LABEL_TRAIN,sortation_small,public_other,128,30000,g567_stage2a_diagnostic_a5_label_train_selected_actor_primary_30s_exact_s566_533526c18b75,g567_stage2a_diagnostic_a5_label_train_selected_actor_primary_30s_exact_s566_533526c18b75,SELECTED_ACTOR_PRIMARY_30S_EXACT,True,False,True,False,0.043,True,single_run_both_success_or_both_failure,7a6c53baf0f7ed4106665792a9a9ca21fd4a639ba066c07a79aeab2eb6ea6727,1,False,False,False,False,False,False,True,True,True,True,True,False,False,False,False,False,False,False,False,0.1754037971100002,0.11703032021000004,0.07707565883000012,True,True,True,True,1.54236327572,1.36695947861,1.42533295551,1.46528761689,False,False,False,False,False,False,424.110966,354.833064,439.879661,438.402937,836,838,105106,107470,single_exact_row,1.2527384757995605,1.1650431156158447,1.2517844438552856,0.7262182831764221,0.7619863152503967,1.0385507345199585,0.7010816335678101,0.9809706211090088,1.0,0.6717802882194519,0.6395111680030823,0.34942498803138733,0.9285513758659363,1.0,10.844582557678223,False,False,False,False,False,False,False
376b4083535265a5a7a38627f62015047222a57b7f2a1f526287873fb18d488d,g567_stage2a_label_train_00041,LABEL_TRAIN,sortation_small,public_other,128,30000,g567_stage2a_diagnostic_a5_label_train_selected_actor_primary_30s_exact_s566_19a6218d40ba,g567_stage2a_diagnostic_a5_label_train_selected_actor_primary_30s_exact_s566_19a6218d40ba,SELECTED_ACTOR_PRIMARY_30S_EXACT,True,False,True,False,0.043,True,single_run_both_success_or_both_failure,bdee28b490cd322312e1fa833b3a74a082fc45ee8bf4ca22fbd244eaaaca0089,1,False,False,False,False,False,False,True,True,True,True,True,False,False,True,False,False,False,False,False,0.14325068870000002,0.09311294765000011,0.04104683195000014,True,True,True,True,1.58898071625,1.44573002755,1.4958677686,1.5479338843,False,False,False,False,False,False,426.388592,354.092665,429.937591,426.896836,874,912,115724,120354,single_exact_row,1.2518571615219116,1.1658040285110474,1.2548547983169556,0.7266396284103394,0.7615458369255066,1.0394729375839233,0.7018511295318604,0.981056272983551,1.0,0.6716983914375305,0.6402298212051392,0.35023608803749084,0.9250825047492981,1.0,10.841891288757324,False,False,False,False,False,False,False
