group_type,group_value,threshold,sample_count,harmful_count,predicted_harmful_count,tp,fp,fn,precision,recall,f1,fallback_rate,mean_delta_no_gate,mean_delta_after_gate,mean_delta_loss_from_gate
all,all,0.0,2985,1427,2985,1427,1558,0,0.47805695142378557,1.0,0.6468721668177697,1.0,0.02455257240561877,0.0,0.02455257240561877
all,all,0.05,2985,1427,2896,1426,1470,1,0.4924033149171271,0.9992992291520673,0.6597270414064308,0.9701842546063651,0.02455257240561877,0.0010800736043883841,0.023472498801230385
all,all,0.1,2985,1427,2804,1420,1384,7,0.5064194008559201,0.9950946040644709,0.6712361143937603,0.9393634840871021,0.02455257240561877,0.002278074353723997,0.022274498051894773
all,all,0.15,2985,1427,2687,1409,1278,18,0.5243766282098995,0.9873861247372109,0.6849781234807972,0.9001675041876047,0.02455257240561877,0.0028661553615808395,0.02168641704403793
all,all,0.2,2985,1427,2530,1377,1153,50,0.5442687747035573,0.9649614576033637,0.6959818043972706,0.847571189279732,0.02455257240561877,0.0034131707678782667,0.0211394016377405
all,all,0.25,2985,1427,2358,1344,1014,83,0.5699745547073791,0.9418360196215837,0.7101717305151917,0.7899497487437186,0.02455257240561877,0.00447364231089985,0.02007893009471892
all,all,0.3,2985,1427,2217,1307,910,120,0.5895354082092918,0.9159074982480728,0.717343578485181,0.742713567839196,0.02455257240561877,0.005275647277357814,0.019276925128260954
all,all,0.35,2985,1427,2054,1256,798,171,0.611489776046738,0.8801681850035038,0.7216317150244183,0.688107202680067,0.02455257240561877,0.005829161616635512,0.018723410788983257
all,all,0.4,2985,1427,1860,1183,677,244,0.636021505376344,0.8290119131044149,0.7198052935807727,0.6231155778894473,0.02455257240561877,0.006705141533488454,0.017847430872130317
all,all,0.45,2985,1427,1655,1097,558,330,0.6628398791540786,0.7687456201822004,0.7118754055807917,0.5544388609715243,0.02455257240561877,0.008152138708474154,0.016400433697144615
all,all,0.5,2985,1427,1451,1007,444,420,0.6940041350792557,0.7056762438682551,0.6997915218902017,0.48609715242881074,0.02455257240561877,0.011695540317821322,0.012857032087797447
all,all,0.55,2985,1427,1256,908,348,519,0.7229299363057324,0.6362999299229152,0.6768542676108833,0.4207705192629816,0.02455257240561877,0.010453513704988055,0.014099058700630714
all,all,0.6,2985,1427,1073,799,274,628,0.744641192917055,0.559915907498248,0.6391999999999999,0.359463986599665,0.02455257240561877,0.012979822900354258,0.011572749505264511
all,all,0.65,2985,1427,905,688,217,739,0.7602209944751381,0.4821303433777155,0.5900514579759862,0.30318257956448913,0.02455257240561877,0.01392235001628526,0.01063022238933351
all,all,0.7,2985,1427,723,568,155,859,0.7856154910096819,0.39803784162578837,0.5283720930232558,0.2422110552763819,0.02455257240561877,0.016168545228917912,0.008384027176700858
all,all,0.75,2985,1427,557,447,110,980,0.8025134649910234,0.3132445690259285,0.4506048387096774,0.18659966499162478,0.02455257240561877,0.019315516512555555,0.0052370558930632145
all,all,0.8,2985,1427,338,278,60,1149,0.8224852071005917,0.19481429572529782,0.315014164305949,0.11323283082077051,0.02455257240561877,0.020631781198072623,0.003920791207546147
all,all,0.85,2985,1427,144,126,18,1301,0.875,0.08829712683952348,0.16040738383195416,0.04824120603015075,0.02455257240561877,0.022329524792467793,0.0022230476131509767
all,all,0.9,2985,1427,52,46,6,1381,0.8846153846153846,0.0322354590049054,0.06220419202163624,0.01742043551088777,0.02455257240561877,0.023236801927914923,0.001315770477703846
all,all,0.95,2985,1427,12,9,3,1418,0.75,0.006306937631394534,0.01250868658790827,0.004020100502512563,0.02455257240561877,0.02408840310706273,0.0004641692985560379
all,all,1.0,2985,1427,0,0,0,1427,0.0,0.0,0.0,0.0,0.02455257240561877,0.02455257240561877,0.0
map,empty-16-16,0.0,180,133,180,133,47,0,0.7388888888888889,1.0,0.8498402555910544,1.0,0.07850040919031301,0.0,0.07850040919031301
map,empty-16-16,0.05,180,133,180,133,47,0,0.7388888888888889,1.0,0.8498402555910544,1.0,0.07850040919031301,0.0,0.07850040919031301
map,empty-16-16,0.1,180,133,180,133,47,0,0.7388888888888889,1.0,0.8498402555910544,1.0,0.07850040919031301,0.0,0.07850040919031301
map,empty-16-16,0.15,180,133,180,133,47,0,0.7388888888888889,1.0,0.8498402555910544,1.0,0.07850040919031301,0.0,0.07850040919031301
map,empty-16-16,0.2,180,133,180,133,47,0,0.7388888888888889,1.0,0.8498402555910544,1.0,0.07850040919031301,0.0,0.07850040919031301
map,empty-16-16,0.25,180,133,180,133,47,0,0.7388888888888889,1.0,0.8498402555910544,1.0,0.07850040919031301,0.0,0.07850040919031301
map,empty-16-16,0.3,180,133,180,133,47,0,0.7388888888888889,1.0,0.8498402555910544,1.0,0.07850040919031301,0.0,0.07850040919031301
map,empty-16-16,0.35,180,133,180,133,47,0,0.7388888888888889,1.0,0.8498402555910544,1.0,0.07850040919031301,0.0,0.07850040919031301
map,empty-16-16,0.4,180,133,180,133,47,0,0.7388888888888889,1.0,0.8498402555910544,1.0,0.07850040919031301,0.0,0.07850040919031301
map,empty-16-16,0.45,180,133,179,133,46,0,0.7430167597765364,1.0,0.8525641025641026,0.9944444444444445,0.07850040919031301,0.0005888376856111111,0.0779115715047019
map,empty-16-16,0.5,180,133,177,133,44,0,0.751412429378531,1.0,0.8580645161290322,0.9833333333333333,0.07850040919031301,0.0008718602807272221,0.07762854890958579
map,empty-16-16,0.55,180,133,176,132,44,1,0.75,0.9924812030075187,0.8543689320388349,0.9777777777777777,0.07850040919031301,0.0010286492427844444,0.07747175994752857
map,empty-16-16,0.6,180,133,167,126,41,7,0.7544910179640718,0.9473684210526315,0.84,0.9277777777777778,0.07850040919031301,0.002244762430027389,0.07625564676028562
map,empty-16-16,0.65,180,133,148,115,33,18,0.777027027027027,0.8646616541353384,0.8185053380782917,0.8222222222222222,0.07850040919031301,0.005721308190922556,0.07277910099939046
map,empty-16-16,0.7,180,133,134,105,29,28,0.7835820895522388,0.7894736842105263,0.7865168539325844,0.7444444444444445,0.07850040919031301,0.025849512469524438,0.05265089672078857
map,empty-16-16,0.75,180,133,110,91,19,42,0.8272727272727273,0.6842105263157895,0.7489711934156379,0.6111111111111112,0.07850040919031301,0.04354959685427795,0.03495081233603506
map,empty-16-16,0.8,180,133,76,64,12,69,0.8421052631578947,0.48120300751879697,0.6124401913875598,0.4222222222222222,0.07850040919031301,0.05685367915713778,0.02164673003317523
map,empty-16-16,0.85,180,133,44,38,6,95,0.8636363636363636,0.2857142857142857,0.4293785310734463,0.24444444444444444,0.07850040919031301,0.06653155030172,0.011968858888593004
map,empty-16-16,0.9,180,133,17,14,3,119,0.8235294117647058,0.10526315789473684,0.18666666666666665,0.09444444444444444,0.07850040919031301,0.07309015774189857,0.005410251448414435
map,empty-16-16,0.95,180,133,5,3,2,130,0.6,0.022556390977443608,0.04347826086956521,0.027777777777777776,0.07850040919031301,0.07565617228905303,0.0028442369012599833
map,empty-16-16,1.0,180,133,0,0,0,133,0.0,0.0,0.0,0.0,0.07850040919031301,0.07850040919031301,0.0
map,empty-32-32,0.0,240,124,240,124,116,0,0.5166666666666667,1.0,0.6813186813186815,1.0,0.013571576723723482,0.0,0.013571576723723482
map,empty-32-32,0.05,240,124,239,124,115,0,0.5188284518828452,1.0,0.6831955922865014,0.9958333333333333,0.013571576723723482,0.0,0.013571576723723482
map,empty-32-32,0.1,240,124,237,124,113,0,0.5232067510548524,1.0,0.6869806094182825,0.9875,0.013571576723723482,0.000193065229902125,0.013378511493821358
map,empty-32-32,0.15,240,124,234,124,110,0,0.5299145299145299,1.0,0.6927374301675978,0.975,0.013571576723723482,0.0004552498342539583,0.013116326889469523
map,empty-32-32,0.2,240,124,230,124,106,0,0.5391304347826087,1.0,0.7005649717514124,0.9583333333333334,0.013571576723723482,0.0008255741711698752,0.012746002552553606
map,empty-32-32,0.25,240,124,222,122,100,2,0.5495495495495496,0.9838709677419355,0.7052023121387284,0.925,0.013571576723723482,0.0018330895975644584,0.011738487126159023
map,empty-32-32,0.3,240,124,217,122,95,2,0.5622119815668203,0.9838709677419355,0.7155425219941349,0.9041666666666667,0.013571576723723482,0.0022191411315544457,0.011352435592169037
map,empty-32-32,0.35,240,124,200,114,86,10,0.57,0.9193548387096774,0.7037037037037036,0.8333333333333334,0.013571576723723482,0.0022080749614096953,0.011363501762313787
map,empty-32-32,0.4,240,124,184,103,81,21,0.5597826086956522,0.8306451612903226,0.6688311688311689,0.7666666666666667,0.013571576723723482,0.0026963605907313623,0.01087521613299212
map,empty-32-32,0.45,240,124,163,98,65,26,0.6012269938650306,0.7903225806451613,0.6829268292682927,0.6791666666666667,0.013571576723723482,0.003080084917200612,0.01049149180652287
map,empty-32-32,0.5,240,124,132,87,45,37,0.6590909090909091,0.7016129032258065,0.6796875,0.55,0.013571576723723482,0.004084751477047154,0.00948682524667633
map,empty-32-32,0.55,240,124,104,74,30,50,0.7115384615384616,0.5967741935483871,0.6491228070175439,0.43333333333333335,0.013571576723723482,0.005343374319143549,0.008228202404579932
map,empty-32-32,0.6,240,124,76,55,21,69,0.7236842105263158,0.4435483870967742,0.55,0.31666666666666665,0.013571576723723482,0.006246332933416507,0.007325243790306976
map,empty-32-32,0.65,240,124,58,43,15,81,0.7413793103448276,0.3467741935483871,0.4725274725274725,0.24166666666666667,0.013571576723723482,0.006680507185018567,0.006891069538704915
map,empty-32-32,0.7,240,124,36,28,8,96,0.7777777777777778,0.22580645161290322,0.35000000000000003,0.15,0.013571576723723482,0.00803150046473294,0.005540076258990542
map,empty-32-32,0.75,240,124,19,15,4,109,0.7894736842105263,0.12096774193548387,0.2097902097902098,0.07916666666666666,0.013571576723723482,0.008713786096937234,0.004857790626786249
map,empty-32-32,0.8,240,124,14,12,2,112,0.8571428571428571,0.0967741935483871,0.17391304347826084,0.058333333333333334,0.013571576723723482,0.009551458074367648,0.004020118649355834
map,empty-32-32,0.85,240,124,4,3,1,121,0.75,0.024193548387096774,0.04687499999999999,0.016666666666666666,0.013571576723723482,0.01223260120604348,0.0013389755176800022
map,empty-32-32,0.9,240,124,0,0,0,124,0.0,0.0,0.0,0.0,0.013571576723723482,0.013571576723723482,0.0
map,empty-32-32,0.95,240,124,0,0,0,124,0.0,0.0,0.0,0.0,0.013571576723723482,0.013571576723723482,0.0
map,empty-32-32,1.0,240,124,0,0,0,124,0.0,0.0,0.0,0.0,0.013571576723723482,0.013571576723723482,0.0
map,empty-48-48,0.0,240,54,240,54,186,0,0.225,1.0,0.36734693877551017,1.0,0.005575375659382613,0.0,0.005575375659382613
map,empty-48-48,0.05,240,54,228,53,175,1,0.2324561403508772,0.9814814814814815,0.375886524822695,0.95,0.005575375659382613,0.0001232612823531125,0.005452114377029501
map,empty-48-48,0.1,240,54,211,49,162,5,0.23222748815165878,0.9074074074074074,0.369811320754717,0.8791666666666667,0.005575375659382613,0.00016996982107144582,0.005405405838311167
map,empty-48-48,0.15,240,54,187,47,140,7,0.25133689839572193,0.8703703703703703,0.3900414937759336,0.7791666666666667,0.005575375659382613,0.0008697579460804835,0.00470561771330213
map,empty-48-48,0.2,240,54,158,39,119,15,0.2468354430379747,0.7222222222222222,0.3679245283018868,0.6583333333333333,0.005575375659382613,0.0014660616844207749,0.0041093139749618385
map,empty-48-48,0.25,240,54,122,33,89,21,0.27049180327868855,0.6111111111111112,0.37500000000000006,0.5083333333333333,0.005575375659382613,0.0020301655777134834,0.00354521008166913
map,empty-48-48,0.3,240,54,93,27,66,27,0.2903225806451613,0.5,0.3673469387755102,0.3875,0.005575375659382613,0.002584016684949488,0.0029913589744331253
map,empty-48-48,0.35,240,54,68,21,47,33,0.3088235294117647,0.3888888888888889,0.34426229508196726,0.2833333333333333,0.005575375659382613,0.003632448138370321,0.001942927521012292
map,empty-48-48,0.4,240,54,46,16,30,38,0.34782608695652173,0.2962962962962963,0.31999999999999995,0.19166666666666668,0.005575375659382613,0.004223875161512529,0.001351500497870084
map,empty-48-48,0.45,240,54,20,8,12,46,0.4,0.14814814814814814,0.21621621621621623,0.08333333333333333,0.005575375659382613,0.005389088082999155,0.00018628757638345858
map,empty-48-48,0.5,240,54,13,5,8,49,0.38461538461538464,0.09259259259259259,0.14925373134328357,0.05416666666666667,0.005575375659382613,0.00551349335492453,6.188230445808296e-05
map,empty-48-48,0.55,240,54,2,0,2,54,0.0,0.0,0.0,0.008333333333333333,0.005575375659382613,0.005575375659382613,0.0
map,empty-48-48,0.6,240,54,0,0,0,54,0.0,0.0,0.0,0.0,0.005575375659382613,0.005575375659382613,0.0
map,empty-48-48,0.65,240,54,0,0,0,54,0.0,0.0,0.0,0.0,0.005575375659382613,0.005575375659382613,0.0
map,empty-48-48,0.7,240,54,0,0,0,54,0.0,0.0,0.0,0.0,0.005575375659382613,0.005575375659382613,0.0
map,empty-48-48,0.75,240,54,0,0,0,54,0.0,0.0,0.0,0.0,0.005575375659382613,0.005575375659382613,0.0
map,empty-48-48,0.8,240,54,0,0,0,54,0.0,0.0,0.0,0.0,0.005575375659382613,0.005575375659382613,0.0
map,empty-48-48,0.85,240,54,0,0,0,54,0.0,0.0,0.0,0.0,0.005575375659382613,0.005575375659382613,0.0
map,empty-48-48,0.9,240,54,0,0,0,54,0.0,0.0,0.0,0.0,0.005575375659382613,0.005575375659382613,0.0
map,empty-48-48,0.95,240,54,0,0,0,54,0.0,0.0,0.0,0.0,0.005575375659382613,0.005575375659382613,0.0
map,empty-48-48,1.0,240,54,0,0,0,54,0.0,0.0,0.0,0.0,0.005575375659382613,0.005575375659382613,0.0
map,maze-32-32-2,0.0,210,123,210,123,87,0,0.5857142857142857,1.0,0.7387387387387387,1.0,0.08103229014043924,0.0,0.08103229014043924
map,maze-32-32-2,0.05,210,123,207,123,84,0,0.5942028985507246,1.0,0.7454545454545455,0.9857142857142858,0.08103229014043924,0.009523809523809525,0.0715084806166297
map,maze-32-32-2,0.1,210,123,203,123,80,0,0.6059113300492611,1.0,0.754601226993865,0.9666666666666667,0.08103229014043924,0.025172290836009525,0.05585999930442971
map,maze-32-32-2,0.15,210,123,202,123,79,0,0.6089108910891089,1.0,0.7569230769230768,0.9619047619047619,0.08103229014043924,0.029934195597914288,0.05109809454252495
map,maze-32-32-2,0.2,210,123,201,123,78,0,0.6119402985074627,1.0,0.7592592592592593,0.9571428571428572,0.08103229014043924,0.03469610035981905,0.046336189780620186
map,maze-32-32-2,0.25,210,123,200,123,77,0,0.615,1.0,0.7616099071207431,0.9523809523809523,0.08103229014043924,0.03945800512172381,0.04157428501871543
map,maze-32-32-2,0.3,210,123,199,122,77,1,0.6130653266331658,0.991869918699187,0.7577639751552794,0.9476190476190476,0.08103229014043924,0.042442995688028576,0.03858929445241066
map,maze-32-32-2,0.35,210,123,195,121,74,2,0.6205128205128205,0.983739837398374,0.761006289308176,0.9285714285714286,0.08103229014043924,0.042442995688028576,0.03858929445241066
map,maze-32-32-2,0.4,210,123,176,116,60,7,0.6590909090909091,0.943089430894309,0.7759197324414716,0.8380952380952381,0.08103229014043924,0.042442995688028576,0.03858929445241066
map,maze-32-32-2,0.45,210,123,168,115,53,8,0.6845238095238095,0.9349593495934959,0.7903780068728523,0.8,0.08103229014043924,0.04720490044993334,0.033827389690505895
map,maze-32-32-2,0.5,210,123,153,109,44,14,0.7124183006535948,0.8861788617886179,0.7898550724637681,0.7285714285714285,0.08103229014043924,0.07675771830369524,0.004274571836743998
map,maze-32-32-2,0.55,210,123,130,93,37,30,0.7153846153846154,0.7560975609756098,0.7351778656126482,0.6190476190476191,0.08103229014043924,0.05179991159825192,0.02923237854218732
map,maze-32-32-2,0.6,210,123,106,78,28,45,0.7358490566037735,0.6341463414634146,0.6812227074235807,0.5047619047619047,0.08103229014043924,0.06461346515009453,0.016418824990344708
map,maze-32-32-2,0.65,210,123,91,69,22,54,0.7582417582417582,0.5609756097560976,0.6448598130841122,0.43333333333333335,0.08103229014043924,0.06922333455330125,0.011808955587137987
map,maze-32-32-2,0.7,210,123,83,65,18,58,0.7831325301204819,0.5284552845528455,0.6310679611650486,0.3952380952380952,0.08103229014043924,0.06913896197906247,0.011893328161376768
map,maze-32-32-2,0.75,210,123,69,55,14,68,0.7971014492753623,0.44715447154471544,0.5729166666666666,0.32857142857142857,0.08103229014043924,0.07726418346695357,0.0037681066734856633
map,maze-32-32-2,0.8,210,123,41,34,7,89,0.8292682926829268,0.2764227642276423,0.4146341463414634,0.19523809523809524,0.08103229014043924,0.07509649367382687,0.005935796466612367
map,maze-32-32-2,0.85,210,123,16,13,3,110,0.8125,0.10569105691056911,0.18705035971223022,0.0761904761904762,0.08103229014043924,0.07696054552608303,0.004071744614356207
map,maze-32-32-2,0.9,210,123,3,3,0,120,1.0,0.024390243902439025,0.047619047619047616,0.014285714285714285,0.08103229014043924,0.07980778342586065,0.001224506714578591
map,maze-32-32-2,0.95,210,123,2,2,0,121,1.0,0.016260162601626018,0.032,0.009523809523809525,0.08103229014043924,0.08016081156067732,0.000871478579761914
map,maze-32-32-2,1.0,210,123,0,0,0,123,0.0,0.0,0.0,0.0,0.08103229014043924,0.08103229014043924,0.0
map,maze-32-32-4,0.0,219,119,219,119,100,0,0.54337899543379,1.0,0.7041420118343196,1.0,-0.008694622124962784,0.0,-0.008694622124962784
map,maze-32-32-4,0.05,219,119,218,119,99,0,0.5458715596330275,1.0,0.7062314540059347,0.9954337899543378,-0.008694622124962784,0.0,-0.008694622124962784
map,maze-32-32-4,0.1,219,119,218,119,99,0,0.5458715596330275,1.0,0.7062314540059347,0.9954337899543378,-0.008694622124962784,0.0,-0.008694622124962784
map,maze-32-32-4,0.15,219,119,218,119,99,0,0.5458715596330275,1.0,0.7062314540059347,0.9954337899543378,-0.008694622124962784,0.0,-0.008694622124962784
map,maze-32-32-4,0.2,219,119,218,119,99,0,0.5458715596330275,1.0,0.7062314540059347,0.9954337899543378,-0.008694622124962784,0.0,-0.008694622124962784
map,maze-32-32-4,0.25,219,119,217,119,98,0,0.5483870967741935,1.0,0.7083333333333333,0.9908675799086758,-0.008694622124962784,0.0,-0.008694622124962784
map,maze-32-32-4,0.3,219,119,216,119,97,0,0.5509259259259259,1.0,0.7104477611940299,0.9863013698630136,-0.008694622124962784,0.0,-0.008694622124962784
map,maze-32-32-4,0.35,219,119,203,115,88,4,0.5665024630541872,0.9663865546218487,0.7142857142857143,0.9269406392694064,-0.008694622124962784,0.0027055669249779904,-0.011400189049940775
map,maze-32-32-4,0.4,219,119,194,111,83,8,0.5721649484536082,0.9327731092436975,0.7092651757188498,0.8858447488584474,-0.008694622124962784,0.0027055669249779904,-0.011400189049940775
map,maze-32-32-4,0.45,219,119,178,105,73,14,0.5898876404494382,0.8823529411764706,0.7070707070707072,0.8127853881278538,-0.008694622124962784,0.0033614041000812325,-0.012056026225044016
map,maze-32-32-4,0.5,219,119,154,92,62,27,0.5974025974025974,0.773109243697479,0.673992673992674,0.7031963470319634,-0.008694622124962784,-0.002972054787887716,-0.005722567337075068
map,maze-32-32-4,0.55,219,119,133,84,49,35,0.631578947368421,0.7058823529411765,0.6666666666666667,0.6073059360730594,-0.008694622124962784,-0.0035129203103081742,-0.00518170181465461
map,maze-32-32-4,0.6,219,119,112,75,37,44,0.6696428571428571,0.6302521008403361,0.6493506493506492,0.5114155251141552,-0.008694622124962784,0.001970074065009634,-0.010664696189972418
map,maze-32-32-4,0.65,219,119,93,64,29,55,0.6881720430107527,0.5378151260504201,0.6037735849056604,0.4246575342465753,-0.008694622124962784,0.005050537117081962,-0.013745159242044745
map,maze-32-32-4,0.7,219,119,80,57,23,62,0.7125,0.4789915966386555,0.5728643216080402,0.365296803652968,-0.008694622124962784,0.005992025555130321,-0.014686647680093104
map,maze-32-32-4,0.75,219,119,59,42,17,77,0.711864406779661,0.35294117647058826,0.4719101123595506,0.2694063926940639,-0.008694622124962784,0.006986185511980909,-0.015680807636943694
map,maze-32-32-4,0.8,219,119,25,18,7,101,0.72,0.15126050420168066,0.24999999999999997,0.1141552511415525,-0.008694622124962784,0.0016265901513461158,-0.010321212276308899
map,maze-32-32-4,0.85,219,119,8,6,2,113,0.75,0.05042016806722689,0.09448818897637797,0.0365296803652968,-0.008694622124962784,-0.003553376820337212,-0.005141245304625572
map,maze-32-32-4,0.9,219,119,6,4,2,115,0.6666666666666666,0.03361344537815126,0.064,0.0273972602739726,-0.008694622124962784,-0.003553376820337212,-0.005141245304625572
map,maze-32-32-4,0.95,219,119,2,1,1,118,0.5,0.008403361344537815,0.01652892561983471,0.0091324200913242,-0.008694622124962784,-0.008694622124962784,0.0
map,maze-32-32-4,1.0,219,119,0,0,0,119,0.0,0.0,0.0,0.0,-0.008694622124962784,-0.008694622124962784,0.0
map,random-32-32-10,0.0,240,140,240,140,100,0,0.5833333333333334,1.0,0.7368421052631579,1.0,0.022904659836085098,0.0,0.022904659836085098
map,random-32-32-10,0.05,240,140,240,140,100,0,0.5833333333333334,1.0,0.7368421052631579,1.0,0.022904659836085098,0.0,0.022904659836085098
map,random-32-32-10,0.1,240,140,240,140,100,0,0.5833333333333334,1.0,0.7368421052631579,1.0,0.022904659836085098,0.0,0.022904659836085098
map,random-32-32-10,0.15,240,140,238,139,99,1,0.5840336134453782,0.9928571428571429,0.7354497354497355,0.9916666666666667,0.022904659836085098,0.00025668636221375004,0.022647973473871347
map,random-32-32-10,0.2,240,140,234,138,96,2,0.5897435897435898,0.9857142857142858,0.7379679144385026,0.975,0.022904659836085098,0.0006510909443675001,0.022253568891717597
map,random-32-32-10,0.25,240,140,232,137,95,3,0.5905172413793104,0.9785714285714285,0.7365591397849462,0.9666666666666667,0.022904659836085098,0.0011141111362004165,0.02179054869988468
map,random-32-32-10,0.3,240,140,224,134,90,6,0.5982142857142857,0.9571428571428572,0.7362637362637362,0.9333333333333333,0.022904659836085098,0.0015640460115041294,0.021340613824580967
map,random-32-32-10,0.35,240,140,221,134,87,6,0.6063348416289592,0.9571428571428572,0.742382271468144,0.9208333333333333,0.022904659836085098,0.0017215974308482126,0.021183062405236885
map,random-32-32-10,0.4,240,140,206,126,80,14,0.6116504854368932,0.9,0.7283236994219652,0.8583333333333333,0.022904659836085098,0.002348151747170254,0.020556508088914842
map,random-32-32-10,0.45,240,140,190,119,71,21,0.6263157894736842,0.85,0.7212121212121211,0.7916666666666666,0.022904659836085098,0.0022371321227602123,0.020667527713324887
map,random-32-32-10,0.5,240,140,166,106,60,34,0.6385542168674698,0.7571428571428571,0.6928104575163397,0.6916666666666667,0.022904659836085098,0.0020035133308241287,0.020901146505260967
map,random-32-32-10,0.55,240,140,141,91,50,49,0.6453900709219859,0.65,0.6476868327402135,0.5875,0.022904659836085098,0.003230108881915336,0.019674550954169763
map,random-32-32-10,0.6,240,140,113,75,38,65,0.6637168141592921,0.5357142857142857,0.5928853754940712,0.4708333333333333,0.022904659836085098,0.004719489281034129,0.01818517055505097
map,random-32-32-10,0.65,240,140,93,64,29,76,0.6881720430107527,0.45714285714285713,0.5493562231759657,0.3875,0.022904659836085098,0.00564394472336838,0.017260715112716717
map,random-32-32-10,0.7,240,140,72,52,20,88,0.7222222222222222,0.37142857142857144,0.490566037735849,0.3,0.022904659836085098,0.006420058874740522,0.016484600961344575
map,random-32-32-10,0.75,240,140,46,34,12,106,0.7391304347826086,0.24285714285714285,0.3655913978494624,0.19166666666666668,0.022904659836085098,0.008086698850568471,0.014817960985516626
map,random-32-32-10,0.8,240,140,16,11,5,129,0.6875,0.07857142857142857,0.14102564102564105,0.06666666666666667,0.022904659836085098,0.017932747083388274,0.0049719127526968235
map,random-32-32-10,0.85,240,140,6,6,0,134,1.0,0.04285714285714286,0.0821917808219178,0.025,0.022904659836085098,0.022918110268634433,-1.3450432549334812e-05
map,random-32-32-10,0.9,240,140,2,2,0,138,1.0,0.014285714285714285,0.028169014084507043,0.008333333333333333,0.022904659836085098,0.022904659836085098,0.0
map,random-32-32-10,0.95,240,140,0,0,0,140,0.0,0.0,0.0,0.0,0.022904659836085098,0.022904659836085098,0.0
map,random-32-32-10,1.0,240,140,0,0,0,140,0.0,0.0,0.0,0.0,0.022904659836085098,0.022904659836085098,0.0
map,random-32-32-20,0.0,240,171,240,171,69,0,0.7125,1.0,0.832116788321168,1.0,0.032100099647024566,0.0,0.032100099647024566
map,random-32-32-20,0.05,240,171,240,171,69,0,0.7125,1.0,0.832116788321168,1.0,0.032100099647024566,0.0,0.032100099647024566
map,random-32-32-20,0.1,240,171,240,171,69,0,0.7125,1.0,0.832116788321168,1.0,0.032100099647024566,0.0,0.032100099647024566
map,random-32-32-20,0.15,240,171,240,171,69,0,0.7125,1.0,0.832116788321168,1.0,0.032100099647024566,0.0,0.032100099647024566
map,random-32-32-20,0.2,240,171,240,171,69,0,0.7125,1.0,0.832116788321168,1.0,0.032100099647024566,0.0,0.032100099647024566
map,random-32-32-20,0.25,240,171,239,171,68,0,0.7154811715481172,1.0,0.8341463414634147,0.9958333333333333,0.032100099647024566,5.2129877867083336e-05,0.03204796976915748
map,random-32-32-20,0.3,240,171,236,170,66,1,0.7203389830508474,0.9941520467836257,0.8353808353808354,0.9833333333333333,0.032100099647024566,0.00013194052656545832,0.03196815912045911
map,random-32-32-20,0.35,240,171,231,170,61,1,0.7359307359307359,0.9941520467836257,0.8457711442786068,0.9625,0.032100099647024566,0.0005369789472167083,0.03156312069980786
map,random-32-32-20,0.4,240,171,223,167,56,4,0.7488789237668162,0.9766081871345029,0.8477157360406091,0.9291666666666667,0.032100099647024566,0.0012347440326125416,0.030865355614412025
map,random-32-32-20,0.45,240,171,209,159,50,12,0.7607655502392344,0.9298245614035088,0.8368421052631578,0.8708333333333333,0.032100099647024566,0.002468912837701708,0.02963118680932286
map,random-32-32-20,0.5,240,171,188,148,40,23,0.7872340425531915,0.8654970760233918,0.8245125348189414,0.7833333333333333,0.032100099647024566,0.003296670463680625,0.028803429183343943
map,random-32-32-20,0.55,240,171,171,140,31,31,0.8187134502923976,0.8187134502923976,0.8187134502923976,0.7125,0.032100099647024566,0.003964831459659835,0.028135268187364733
map,random-32-32-20,0.6,240,171,157,129,28,42,0.821656050955414,0.7543859649122807,0.7865853658536586,0.6541666666666667,0.032100099647024566,0.0065749434176785825,0.025525156229345983
map,random-32-32-20,0.65,240,171,136,111,25,60,0.8161764705882353,0.6491228070175439,0.7231270358306189,0.5666666666666667,0.032100099647024566,0.00751599755496333,0.024584102092061237
map,random-32-32-20,0.7,240,171,110,89,21,82,0.8090909090909091,0.52046783625731,0.6334519572953736,0.4583333333333333,0.032100099647024566,0.008486780239846581,0.023613319407177986
map,random-32-32-20,0.75,240,171,80,65,15,106,0.8125,0.38011695906432746,0.5179282868525897,0.3333333333333333,0.032100099647024566,0.011363980601079727,0.02073611904594484
map,random-32-32-20,0.8,240,171,57,46,11,125,0.8070175438596491,0.26900584795321636,0.40350877192982454,0.2375,0.032100099647024566,0.013299259376591405,0.01880084027043316
map,random-32-32-20,0.85,240,171,21,19,2,152,0.9047619047619048,0.1111111111111111,0.19791666666666666,0.0875,0.032100099647024566,0.025596793509840596,0.006503306137183969
map,random-32-32-20,0.9,240,171,10,10,0,161,1.0,0.05847953216374269,0.11049723756906078,0.041666666666666664,0.032100099647024566,0.029487454128741437,0.0026126455182831285
map,random-32-32-20,0.95,240,171,0,0,0,171,0.0,0.0,0.0,0.0,0.032100099647024566,0.032100099647024566,0.0
map,random-32-32-20,1.0,240,171,0,0,0,171,0.0,0.0,0.0,0.0,0.032100099647024566,0.032100099647024566,0.0
map,random-64-64-10,0.0,240,40,240,40,200,0,0.16666666666666666,1.0,0.2857142857142857,1.0,0.00810497670763571,0.0,0.00810497670763571
map,random-64-64-10,0.05,240,40,203,40,163,0,0.19704433497536947,1.0,0.3292181069958848,0.8458333333333333,0.00810497670763571,0.0004608087786180417,0.007644167929017669
map,random-64-64-10,0.1,240,40,180,39,141,1,0.21666666666666667,0.975,0.35454545454545455,0.75,0.00810497670763571,0.0009811419949505666,0.0071238347126851434
map,random-64-64-10,0.15,240,40,134,33,101,7,0.2462686567164179,0.825,0.3793103448275862,0.5583333333333333,0.00810497670763571,0.0025043258268506083,0.0056006508807851015
map,random-64-64-10,0.2,240,40,100,27,73,13,0.27,0.675,0.38571428571428573,0.4166666666666667,0.00810497670763571,0.0028658684914004834,0.005239108216235227
map,random-64-64-10,0.25,240,40,63,20,43,20,0.31746031746031744,0.5,0.3883495145631068,0.2625,0.00810497670763571,0.004333383839550649,0.003771592868085061
map,random-64-64-10,0.3,240,40,48,18,30,22,0.375,0.45,0.4090909090909091,0.2,0.00810497670763571,0.0051188004218875,0.00298617628574821
map,random-64-64-10,0.35,240,40,36,15,21,25,0.4166666666666667,0.375,0.3947368421052631,0.15,0.00810497670763571,0.006021923985271252,0.0020830527223644583
map,random-64-64-10,0.4,240,40,23,11,12,29,0.4782608695652174,0.275,0.34920634920634924,0.09583333333333334,0.00810497670763571,0.0074288391493114595,0.0006761375583242508
map,random-64-64-10,0.45,240,40,11,4,7,36,0.36363636363636365,0.1,0.15686274509803924,0.04583333333333333,0.00810497670763571,0.008078134495872212,2.684221176349824e-05
map,random-64-64-10,0.5,240,40,5,2,3,38,0.4,0.05,0.0888888888888889,0.020833333333333332,0.00810497670763571,0.00810497670763571,0.0
map,random-64-64-10,0.55,240,40,0,0,0,40,0.0,0.0,0.0,0.0,0.00810497670763571,0.00810497670763571,0.0
map,random-64-64-10,0.6,240,40,0,0,0,40,0.0,0.0,0.0,0.0,0.00810497670763571,0.00810497670763571,0.0
map,random-64-64-10,0.65,240,40,0,0,0,40,0.0,0.0,0.0,0.0,0.00810497670763571,0.00810497670763571,0.0
map,random-64-64-10,0.7,240,40,0,0,0,40,0.0,0.0,0.0,0.0,0.00810497670763571,0.00810497670763571,0.0
map,random-64-64-10,0.75,240,40,0,0,0,40,0.0,0.0,0.0,0.0,0.00810497670763571,0.00810497670763571,0.0
map,random-64-64-10,0.8,240,40,0,0,0,40,0.0,0.0,0.0,0.0,0.00810497670763571,0.00810497670763571,0.0
map,random-64-64-10,0.85,240,40,0,0,0,40,0.0,0.0,0.0,0.0,0.00810497670763571,0.00810497670763571,0.0
map,random-64-64-10,0.9,240,40,0,0,0,40,0.0,0.0,0.0,0.0,0.00810497670763571,0.00810497670763571,0.0
map,random-64-64-10,0.95,240,40,0,0,0,40,0.0,0.0,0.0,0.0,0.00810497670763571,0.00810497670763571,0.0
map,random-64-64-10,1.0,240,40,0,0,0,40,0.0,0.0,0.0,0.0,0.00810497670763571,0.00810497670763571,0.0
map,random-64-64-20,0.0,240,74,240,74,166,0,0.30833333333333335,1.0,0.4713375796178344,1.0,0.009752609815758402,0.0,0.009752609815758402
map,random-64-64-20,0.05,240,74,236,74,162,0,0.3135593220338983,1.0,0.4774193548387097,0.9833333333333333,0.009752609815758402,0.0,0.009752609815758402
map,random-64-64-20,0.1,240,74,226,73,153,1,0.3230088495575221,0.9864864864864865,0.48666666666666664,0.9416666666666667,0.009752609815758402,0.00013165643635883333,0.009620953379399569
map,random-64-64-20,0.15,240,74,210,73,137,1,0.3476190476190476,0.9864864864864865,0.5140845070422535,0.875,0.009752609815758402,0.00044379056661220833,0.009308819249146194
map,random-64-64-20,0.2,240,74,179,67,112,7,0.3743016759776536,0.9054054054054054,0.5296442687747035,0.7458333333333333,0.009752609815758402,0.001109240145539375,0.008643369670219028
map,random-64-64-20,0.25,240,74,138,60,78,14,0.43478260869565216,0.8108108108108109,0.5660377358490566,0.575,0.009752609815758402,0.0022027999855784167,0.007549809830179986
map,random-64-64-20,0.3,240,74,111,51,60,23,0.4594594594594595,0.6891891891891891,0.5513513513513514,0.4625,0.009752609815758402,0.0027129811253815,0.007039628690376902
map,random-64-64-20,0.35,240,74,78,39,39,35,0.5,0.527027027027027,0.513157894736842,0.325,0.009752609815758402,0.003545846133250708,0.006206763682507695
map,random-64-64-20,0.4,240,74,49,30,19,44,0.6122448979591837,0.40540540540540543,0.4878048780487805,0.20416666666666666,0.009752609815758402,0.004362527628495613,0.0053900821872627895
map,random-64-64-20,0.45,240,74,24,15,9,59,0.625,0.20270270270270271,0.30612244897959184,0.1,0.009752609815758402,0.00526010288213774,0.004492506933620663
map,random-64-64-20,0.5,240,74,19,13,6,61,0.6842105263157895,0.17567567567567569,0.2795698924731183,0.07916666666666666,0.009752609815758402,0.005410731789175115,0.004341878026583287
map,random-64-64-20,0.55,240,74,13,10,3,64,0.7692307692307693,0.13513513513513514,0.22988505747126436,0.05416666666666667,0.009752609815758402,0.005501823270464989,0.004250786545293413
map,random-64-64-20,0.6,240,74,5,5,0,69,1.0,0.06756756756756757,0.12658227848101267,0.020833333333333332,0.009752609815758402,0.009781647382044236,-2.9037566285833316e-05
map,random-64-64-20,0.65,240,74,2,2,0,72,1.0,0.02702702702702703,0.052631578947368425,0.008333333333333333,0.009752609815758402,0.009772830214212153,-2.022039845375051e-05
map,random-64-64-20,0.7,240,74,0,0,0,74,0.0,0.0,0.0,0.0,0.009752609815758402,0.009752609815758402,0.0
map,random-64-64-20,0.75,240,74,0,0,0,74,0.0,0.0,0.0,0.0,0.009752609815758402,0.009752609815758402,0.0
map,random-64-64-20,0.8,240,74,0,0,0,74,0.0,0.0,0.0,0.0,0.009752609815758402,0.009752609815758402,0.0
map,random-64-64-20,0.85,240,74,0,0,0,74,0.0,0.0,0.0,0.0,0.009752609815758402,0.009752609815758402,0.0
map,random-64-64-20,0.9,240,74,0,0,0,74,0.0,0.0,0.0,0.0,0.009752609815758402,0.009752609815758402,0.0
map,random-64-64-20,0.95,240,74,0,0,0,74,0.0,0.0,0.0,0.0,0.009752609815758402,0.009752609815758402,0.0
map,random-64-64-20,1.0,240,74,0,0,0,74,0.0,0.0,0.0,0.0,0.009752609815758402,0.009752609815758402,0.0
map,room-32-32-4,0.0,231,166,231,166,65,0,0.7186147186147186,1.0,0.8362720403022671,1.0,0.07905114420046952,0.0,0.07905114420046952
map,room-32-32-4,0.05,231,166,230,166,64,0,0.7217391304347827,1.0,0.8383838383838385,0.9956709956709957,0.07905114420046952,0.004329004329004329,0.07472213987146518
map,room-32-32-4,0.1,231,166,230,166,64,0,0.7217391304347827,1.0,0.8383838383838385,0.9956709956709957,0.07905114420046952,0.004329004329004329,0.07472213987146518
map,room-32-32-4,0.15,231,166,230,166,64,0,0.7217391304347827,1.0,0.8383838383838385,0.9956709956709957,0.07905114420046952,0.004329004329004329,0.07472213987146518
map,room-32-32-4,0.2,231,166,230,166,64,0,0.7217391304347827,1.0,0.8383838383838385,0.9956709956709957,0.07905114420046952,0.004329004329004329,0.07472213987146518
map,room-32-32-4,0.25,231,166,230,166,64,0,0.7217391304347827,1.0,0.8383838383838385,0.9956709956709957,0.07905114420046952,0.004329004329004329,0.07472213987146518
map,room-32-32-4,0.3,231,166,229,166,63,0,0.7248908296943232,1.0,0.840506329113924,0.9913419913419913,0.07905114420046952,0.008658008658008658,0.07039313554246086
map,room-32-32-4,0.35,231,166,229,166,63,0,0.7248908296943232,1.0,0.840506329113924,0.9913419913419913,0.07905114420046952,0.008658008658008658,0.07039313554246086
map,room-32-32-4,0.4,231,166,225,164,61,2,0.7288888888888889,0.9879518072289156,0.8388746803069054,0.974025974025974,0.07905114420046952,0.009072592961336709,0.06997855123913281
map,room-32-32-4,0.45,231,166,215,159,56,7,0.7395348837209302,0.9578313253012049,0.8346456692913387,0.9307359307359307,0.07905114420046952,0.01768063754494991,0.06137050665551961
map,room-32-32-4,0.5,231,166,197,154,43,12,0.7817258883248731,0.927710843373494,0.8484848484848485,0.8528138528138528,0.07905114420046952,0.036312737707279906,0.042738406493189614
map,room-32-32-4,0.55,231,166,181,145,36,21,0.8011049723756906,0.8734939759036144,0.835734870317003,0.7835497835497836,0.07905114420046952,0.04032904367090731,0.03872210052956221
map,room-32-32-4,0.6,231,166,168,139,29,27,0.8273809523809523,0.8373493975903614,0.8323353293413173,0.7272727272727273,0.07905114420046952,0.04920143634944495,0.029849707851024566
map,room-32-32-4,0.65,231,166,154,128,26,38,0.8311688311688312,0.7710843373493976,0.8,0.6666666666666666,0.07905114420046952,0.05272409833557916,0.02632704586489036
map,room-32-32-4,0.7,231,166,141,121,20,45,0.8581560283687943,0.7289156626506024,0.7882736156351792,0.6103896103896104,0.07905114420046952,0.05545004013473171,0.02360110406573781
map,room-32-32-4,0.75,231,166,120,103,17,63,0.8583333333333333,0.6204819277108434,0.7202797202797202,0.5194805194805194,0.07905114420046952,0.06795036213937196,0.011100782061097561
map,room-32-32-4,0.8,231,166,76,66,10,100,0.868421052631579,0.39759036144578314,0.5454545454545454,0.329004329004329,0.07905114420046952,0.06677860800738508,0.012272536193084438
map,room-32-32-4,0.85,231,166,24,22,2,144,0.9166666666666666,0.13253012048192772,0.23157894736842105,0.1038961038961039,0.07905114420046952,0.0637669115880613,0.015284232612408216
map,room-32-32-4,0.9,231,166,7,7,0,159,1.0,0.04216867469879518,0.08092485549132947,0.030303030303030304,0.07905114420046952,0.06620506927107905,0.012846074929390466
map,room-32-32-4,0.95,231,166,3,3,0,163,1.0,0.018072289156626505,0.03550295857988166,0.012987012987012988,0.07905114420046952,0.07606165410430936,0.0029894900961601606
map,room-32-32-4,1.0,231,166,0,0,0,166,0.0,0.0,0.0,0.0,0.07905114420046952,0.07905114420046952,0.0
map,room-64-64-8,0.0,240,110,240,110,130,0,0.4583333333333333,1.0,0.6285714285714286,1.0,0.00660571767596462,0.0,0.00660571767596462
map,room-64-64-8,0.05,240,110,240,110,130,0,0.4583333333333333,1.0,0.6285714285714286,1.0,0.00660571767596462,0.0,0.00660571767596462
map,room-64-64-8,0.1,240,110,240,110,130,0,0.4583333333333333,1.0,0.6285714285714286,1.0,0.00660571767596462,0.0,0.00660571767596462
map,room-64-64-8,0.15,240,110,240,110,130,0,0.4583333333333333,1.0,0.6285714285714286,1.0,0.00660571767596462,0.0,0.00660571767596462
map,room-64-64-8,0.2,240,110,239,110,129,0,0.4602510460251046,1.0,0.6303724928366762,0.9958333333333333,0.00660571767596462,0.0,0.00660571767596462
map,room-64-64-8,0.25,240,110,236,109,127,1,0.461864406779661,0.990909090909091,0.630057803468208,0.9833333333333333,0.00660571767596462,0.0,0.00660571767596462
map,room-64-64-8,0.3,240,110,230,108,122,2,0.46956521739130436,0.9818181818181818,0.6352941176470588,0.9583333333333334,0.00660571767596462,5.912071374833333e-05,0.006546596962216287
map,room-64-64-8,0.35,240,110,210,105,105,5,0.5,0.9545454545454546,0.65625,0.875,0.00660571767596462,0.00018284796797,0.00642286970799462
map,room-64-64-8,0.4,240,110,186,99,87,11,0.532258064516129,0.9,0.668918918918919,0.775,0.00660571767596462,0.00021776240333991668,0.006387955272624703
map,room-64-64-8,0.45,240,110,161,92,69,18,0.5714285714285714,0.8363636363636363,0.6789667896678967,0.6708333333333333,0.00660571767596462,0.00020281267611062503,0.006402904999853995
map,room-64-64-8,0.5,240,110,139,85,54,25,0.6115107913669064,0.7727272727272727,0.6827309236947792,0.5791666666666667,0.00660571767596462,0.0003158282626194124,0.006289889413345208
map,room-64-64-8,0.55,240,110,118,76,42,34,0.6440677966101694,0.6909090909090909,0.6666666666666665,0.49166666666666664,0.00660571767596462,0.0001598508613737874,0.006445866814590832
map,room-64-64-8,0.6,240,110,99,65,34,45,0.6565656565656566,0.5909090909090909,0.6220095693779905,0.4125,0.00660571767596462,0.0005707135835335792,0.00603500409243104
map,room-64-64-8,0.65,240,110,78,51,27,59,0.6538461538461539,0.4636363636363636,0.5425531914893617,0.325,0.00660571767596462,0.0001582706673169542,0.006447447008647665
map,room-64-64-8,0.7,240,110,30,21,9,89,0.7,0.19090909090909092,0.3,0.125,0.00660571767596462,0.0059008898407291194,0.0007048278352355004
map,room-64-64-8,0.75,240,110,20,14,6,96,0.7,0.12727272727272726,0.2153846153846154,0.08333333333333333,0.00660571767596462,0.006306234561148119,0.0002994831148165006
map,room-64-64-8,0.8,240,110,10,7,3,103,0.7,0.06363636363636363,0.11666666666666667,0.041666666666666664,0.00660571767596462,0.0065762054054046195,2.9512270560000387e-05
map,room-64-64-8,0.85,240,110,0,0,0,110,0.0,0.0,0.0,0.0,0.00660571767596462,0.00660571767596462,0.0
map,room-64-64-8,0.9,240,110,0,0,0,110,0.0,0.0,0.0,0.0,0.00660571767596462,0.00660571767596462,0.0
map,room-64-64-8,0.95,240,110,0,0,0,110,0.0,0.0,0.0,0.0,0.00660571767596462,0.00660571767596462,0.0
map,room-64-64-8,1.0,240,110,0,0,0,110,0.0,0.0,0.0,0.0,0.00660571767596462,0.00660571767596462,0.0
map,warehouse-10-20-10-2-1,0.0,240,141,240,141,99,0,0.5875,1.0,0.7401574803149606,1.0,0.002608305158110993,0.0,0.002608305158110993
map,warehouse-10-20-10-2-1,0.05,240,141,238,141,97,0,0.592436974789916,1.0,0.7440633245382585,0.9916666666666667,0.002608305158110993,0.0,0.002608305158110993
map,warehouse-10-20-10-2-1,0.1,240,141,237,141,96,0,0.5949367088607594,1.0,0.7460317460317459,0.9875,0.002608305158110993,0.0,0.002608305158110993
map,warehouse-10-20-10-2-1,0.15,240,141,237,141,96,0,0.5949367088607594,1.0,0.7460317460317459,0.9875,0.002608305158110993,0.0,0.002608305158110993
map,warehouse-10-20-10-2-1,0.2,240,141,234,140,94,1,0.5982905982905983,0.9929078014184397,0.7466666666666666,0.975,0.002608305158110993,-6.349025850958333e-05,0.0026717954166205764
map,warehouse-10-20-10-2-1,0.25,240,141,232,138,94,3,0.5948275862068966,0.9787234042553191,0.7399463806970509,0.9666666666666667,0.002608305158110993,-0.00023179154469708333,0.0028400967028080763
map,warehouse-10-20-10-2-1,0.3,240,141,219,131,88,10,0.5981735159817352,0.9290780141843972,0.7277777777777777,0.9125,0.002608305158110993,-0.00018747572495791666,0.0027957808830689095
map,warehouse-10-20-10-2-1,0.35,240,141,196,120,76,21,0.6122448979591837,0.851063829787234,0.712166172106825,0.8166666666666667,0.002608305158110993,0.0005690943949609584,0.0020392107631500346
map,warehouse-10-20-10-2-1,0.4,240,141,165,106,59,35,0.6424242424242425,0.75177304964539,0.6928104575163399,0.6875,0.002608305158110993,0.006326261636579499,-0.003717956478468506
map,warehouse-10-20-10-2-1,0.45,240,141,137,90,47,51,0.656934306569343,0.6382978723404256,0.6474820143884892,0.5708333333333333,0.002608305158110993,0.006627292433971158,-0.004018987275860165
map,warehouse-10-20-10-2-1,0.5,240,141,108,73,35,68,0.6759259259259259,0.5177304964539007,0.5863453815261045,0.45,0.002608305158110993,0.01045955483975266,-0.007851249681641666
map,warehouse-10-20-10-2-1,0.55,240,141,87,63,24,78,0.7241379310344828,0.44680851063829785,0.5526315789473684,0.3625,0.002608305158110993,0.01020980751390687,-0.007601502355795877
map,warehouse-10-20-10-2-1,0.6,240,141,70,52,18,89,0.7428571428571429,0.36879432624113473,0.49289099526066343,0.2916666666666667,0.002608305158110993,0.006270785757260202,-0.0036624805991492086
map,warehouse-10-20-10-2-1,0.65,240,141,52,41,11,100,0.7884615384615384,0.2907801418439716,0.4248704663212435,0.21666666666666667,0.002608305158110993,0.003272513269332284,-0.0006642081112212908
map,warehouse-10-20-10-2-1,0.7,240,141,37,30,7,111,0.8108108108108109,0.2127659574468085,0.33707865168539325,0.15416666666666667,0.002608305158110993,0.003884122947626741,-0.0012758177895157478
map,warehouse-10-20-10-2-1,0.75,240,141,34,28,6,113,0.8235294117647058,0.19858156028368795,0.32,0.14166666666666666,0.002608305158110993,0.004069744617623407,-0.0014614394595124144
map,warehouse-10-20-10-2-1,0.8,240,141,23,20,3,121,0.8695652173913043,0.14184397163120568,0.24390243902439024,0.09583333333333334,0.002608305158110993,0.005488927774180912,-0.0028806226160699193
map,warehouse-10-20-10-2-1,0.85,240,141,21,19,2,122,0.9047619047619048,0.1347517730496454,0.23456790123456792,0.0875,0.002608305158110993,0.005347089944838826,-0.0027387847867278332
map,warehouse-10-20-10-2-1,0.9,240,141,7,6,1,135,0.8571428571428571,0.0425531914893617,0.08108108108108109,0.029166666666666667,0.002608305158110993,0.001658148100586867,0.000950157057524126
map,warehouse-10-20-10-2-1,0.95,240,141,0,0,0,141,0.0,0.0,0.0,0.0,0.002608305158110993,0.002608305158110993,0.0
map,warehouse-10-20-10-2-1,1.0,240,141,0,0,0,141,0.0,0.0,0.0,0.0,0.002608305158110993,0.002608305158110993,0.0
map,warehouse-20-40-10-2-1,0.0,225,32,225,32,193,0,0.14222222222222222,1.0,0.2490272373540856,1.0,0.0066323772817658356,0.0,0.0066323772817658356
map,warehouse-20-40-10-2-1,0.05,225,32,197,32,165,0,0.16243654822335024,1.0,0.2794759825327511,0.8755555555555555,0.0066323772817658356,0.0003726350865166667,0.006259742195249169
map,warehouse-20-40-10-2-1,0.1,225,32,162,32,130,0,0.19753086419753085,1.0,0.32989690721649484,0.72,0.0066323772817658356,0.0007096481535832,0.005922729128182635
map,warehouse-20-40-10-2-1,0.15,225,32,137,30,107,2,0.21897810218978103,0.9375,0.3550295857988166,0.6088888888888889,0.0066323772817658356,0.0008095028893962934,0.005822874392369542
map,warehouse-20-40-10-2-1,0.2,225,32,87,20,67,12,0.22988505747126436,0.625,0.33613445378151263,0.38666666666666666,0.0066323772817658356,0.0011426258832951377,0.005489751398470698
map,warehouse-20-40-10-2-1,0.25,225,32,47,13,34,19,0.2765957446808511,0.40625,0.3291139240506329,0.2088888888888889,0.0066323772817658356,0.005988924398788738,0.0006434528829770978
map,warehouse-20-40-10-2-1,0.3,225,32,15,6,9,26,0.4,0.1875,0.25531914893617025,0.06666666666666667,0.0066323772817658356,0.006338493398556294,0.00029388388320954195
map,warehouse-20-40-10-2-1,0.35,225,32,7,3,4,29,0.42857142857142855,0.09375,0.15384615384615383,0.03111111111111111,0.0066323772817658356,0.006551041352752515,8.133592901332035e-05
map,warehouse-20-40-10-2-1,0.4,225,32,3,1,2,31,0.3333333333333333,0.03125,0.05714285714285714,0.013333333333333334,0.0066323772817658356,0.0066323772817658356,0.0
map,warehouse-20-40-10-2-1,0.45,225,32,0,0,0,32,0.0,0.0,0.0,0.0,0.0066323772817658356,0.0066323772817658356,0.0
map,warehouse-20-40-10-2-1,0.5,225,32,0,0,0,32,0.0,0.0,0.0,0.0,0.0066323772817658356,0.0066323772817658356,0.0
map,warehouse-20-40-10-2-1,0.55,225,32,0,0,0,32,0.0,0.0,0.0,0.0,0.0066323772817658356,0.0066323772817658356,0.0
map,warehouse-20-40-10-2-1,0.6,225,32,0,0,0,32,0.0,0.0,0.0,0.0,0.0066323772817658356,0.0066323772817658356,0.0
map,warehouse-20-40-10-2-1,0.65,225,32,0,0,0,32,0.0,0.0,0.0,0.0,0.0066323772817658356,0.0066323772817658356,0.0
map,warehouse-20-40-10-2-1,0.7,225,32,0,0,0,32,0.0,0.0,0.0,0.0,0.0066323772817658356,0.0066323772817658356,0.0
map,warehouse-20-40-10-2-1,0.75,225,32,0,0,0,32,0.0,0.0,0.0,0.0,0.0066323772817658356,0.0066323772817658356,0.0
map,warehouse-20-40-10-2-1,0.8,225,32,0,0,0,32,0.0,0.0,0.0,0.0,0.0066323772817658356,0.0066323772817658356,0.0
map,warehouse-20-40-10-2-1,0.85,225,32,0,0,0,32,0.0,0.0,0.0,0.0,0.0066323772817658356,0.0066323772817658356,0.0
map,warehouse-20-40-10-2-1,0.9,225,32,0,0,0,32,0.0,0.0,0.0,0.0,0.0066323772817658356,0.0066323772817658356,0.0
map,warehouse-20-40-10-2-1,0.95,225,32,0,0,0,32,0.0,0.0,0.0,0.0,0.0066323772817658356,0.0066323772817658356,0.0
map,warehouse-20-40-10-2-1,1.0,225,32,0,0,0,32,0.0,0.0,0.0,0.0,0.0066323772817658356,0.0066323772817658356,0.0
split,train,0.0,2526,1254,2526,1254,1272,0,0.49643705463182897,1.0,0.6634920634920635,1.0,0.029238107964325855,0.0,0.029238107964325855
split,train,0.05,2526,1254,2450,1254,1196,0,0.5118367346938776,1.0,0.6771058315334774,0.9699129057798892,0.029238107964325855,0.0012646227242021297,0.027973485240123726
split,train,0.1,2526,1254,2375,1252,1123,2,0.5271578947368422,0.9984051036682615,0.6899972444199504,0.9402216943784639,0.029238107964325855,0.0026758745798927098,0.026562233384433146
split,train,0.15,2526,1254,2282,1243,1039,11,0.5446976336546888,0.9912280701754386,0.7030542986425339,0.9034045922406968,0.029238107964325855,0.003304327730506528,0.02593378023381933
split,train,0.2,2526,1254,2154,1219,935,35,0.5659238625812442,0.9720893141945773,0.71537558685446,0.8527315914489311,0.029238107964325855,0.0038940854860869518,0.025344022478238904
split,train,0.25,2526,1254,2019,1192,827,62,0.5903912828132739,0.9505582137161085,0.7283837457989611,0.7992874109263658,0.029238107964325855,0.005093658970461131,0.024144448993864726
split,train,0.3,2526,1254,1908,1161,747,93,0.6084905660377359,0.9258373205741627,0.7343453510436432,0.7553444180522565,0.029238107964325855,0.005988773997832621,0.023249333966493233
split,train,0.35,2526,1254,1783,1120,663,134,0.628154795288839,0.8931419457735247,0.7375699703654922,0.7058590657165479,0.029238107964325855,0.006308685952445738,0.022929422011880116
split,train,0.4,2526,1254,1620,1056,564,198,0.6518518518518519,0.8421052631578947,0.7348643006263048,0.6413301662707839,0.029238107964325855,0.007287647775981728,0.021950460188344127
split,train,0.45,2526,1254,1457,984,473,270,0.6753603294440631,0.784688995215311,0.7259313906307634,0.5768012668250198,0.029238107964325855,0.008830010058178054,0.020408097906147803
split,train,0.5,2526,1254,1284,910,374,344,0.7087227414330218,0.7256778309409888,0.7171000788022066,0.5083135391923991,0.029238107964325855,0.013554564308021454,0.0156835436563044
split,train,0.55,2526,1254,1121,824,297,430,0.7350579839429081,0.6570972886762361,0.6938947368421052,0.443784639746635,0.029238107964325855,0.012127861361478625,0.01711024660284723
split,train,0.6,2526,1254,961,724,237,530,0.7533818938605619,0.5773524720893142,0.6537246049661399,0.38044338875692796,0.029238107964325855,0.0146378602450786,0.014600247719247254
split,train,0.65,2526,1254,812,624,188,630,0.7684729064039408,0.49760765550239233,0.6040658276863504,0.32145684877276326,0.029238107964325855,0.01548458314003117,0.013753524824294684
split,train,0.7,2526,1254,643,511,132,743,0.7947122861586314,0.40749601275917063,0.5387453874538746,0.25455265241488517,0.029238107964325855,0.018057309482776965,0.01118079848154889
split,train,0.75,2526,1254,498,405,93,849,0.8132530120481928,0.3229665071770335,0.46232876712328774,0.19714964370546317,0.029238107964325855,0.02168992557585222,0.007548182388473636
split,train,0.8,2526,1254,313,260,53,994,0.8306709265175719,0.20733652312599682,0.3318442884492661,0.12391132224861441,0.029238107964325855,0.023710037005087163,0.0055280709592386915
split,train,0.85,2526,1254,136,120,16,1134,0.8823529411764706,0.09569377990430622,0.17266187050359713,0.053840063341250986,0.029238107964325855,0.026165372474631216,0.003072735489694639
split,train,0.9,2526,1254,46,42,4,1212,0.9130434782608695,0.03349282296650718,0.06461538461538463,0.018210609659540775,0.029238107964325855,0.027237511132315175,0.0020005968320106794
split,train,0.95,2526,1254,10,8,2,1246,0.8,0.006379585326953748,0.012658227848101267,0.00395882818685669,0.029238107964325855,0.02868959436330061,0.0005485136010252439
split,train,1.0,2526,1254,0,0,0,1254,0.0,0.0,0.0,0.0,0.029238107964325855,0.029238107964325855,0.0
split,validation,0.0,459,173,459,173,286,0,0.3769063180827887,1.0,0.5474683544303798,1.0,-0.001233185374978262,0.0,-0.001233185374978262
split,validation,0.05,459,173,446,172,274,1,0.38565022421524664,0.9942196531791907,0.555735056542811,0.971677559912854,-0.001233185374978262,6.445034371404575e-05,-0.0012976357186923076
split,validation,0.1,459,173,429,168,261,5,0.3916083916083916,0.9710982658959537,0.5581395348837209,0.934640522875817,-0.001233185374978262,8.887310905696513e-05,-0.0013220584840352271
split,validation,0.15,459,173,405,166,239,7,0.40987654320987654,0.9595375722543352,0.57439446366782,0.8823529411764706,-0.001233185374978262,0.00045477539664339004,-0.001687960771621652
split,validation,0.2,459,173,376,158,218,15,0.42021276595744683,0.9132947976878613,0.5755919854280509,0.8191721132897604,-0.001233185374978262,0.0007665682010043267,-0.001999753575982589
split,validation,0.25,459,173,339,152,187,21,0.44837758112094395,0.8786127167630058,0.5937499999999999,0.738562091503268,-0.001233185374978262,0.0010615244850789454,-0.0022947098600572076
split,validation,0.3,459,173,309,146,163,27,0.47249190938511326,0.8439306358381503,0.6058091286307054,0.673202614379085,-0.001233185374978262,0.0013511198352677061,-0.002584305210245968
split,validation,0.35,459,173,271,136,135,37,0.5018450184501845,0.7861271676300579,0.6126126126126127,0.5904139433551199,-0.001233185374978262,0.0031902106966863993,-0.004423396071664662
split,validation,0.4,459,173,240,127,113,46,0.5291666666666667,0.7341040462427746,0.6150121065375304,0.5228758169934641,-0.001233185374978262,0.0034994535846038927,-0.004732638959582154
split,validation,0.45,459,173,198,113,85,60,0.5707070707070707,0.653179190751445,0.6091644204851752,0.43137254901960786,-0.001233185374978262,0.0044216310192540026,-0.005654816394232265
split,validation,0.5,459,173,167,97,70,76,0.5808383233532934,0.5606936416184971,0.5705882352941176,0.3638344226579521,-0.001233185374978262,0.0014648331299226068,-0.0026980185049008685
split,validation,0.55,459,173,135,84,51,89,0.6222222222222222,0.48554913294797686,0.5454545454545454,0.29411764705882354,-0.001233185374978262,0.0012391298699223024,-0.0024723152449005643
split,validation,0.6,459,173,112,75,37,98,0.6696428571428571,0.43352601156069365,0.5263157894736842,0.2440087145969499,-0.001233185374978262,0.0038551990816752453,-0.005088384456653507
split,validation,0.65,459,173,93,64,29,109,0.6881720430107527,0.3699421965317919,0.4812030075187969,0.20261437908496732,-0.001233185374978262,0.005324962498677079,-0.006558147873655341
split,validation,0.7,459,173,80,57,23,116,0.7125,0.32947976878612717,0.4505928853754941,0.17429193899782136,-0.001233185374978262,0.005774169400491,-0.007007354775469262
split,validation,0.75,459,173,59,42,17,131,0.711864406779661,0.24277456647398843,0.3620689655172414,0.12854030501089325,-0.001233185374978262,0.006248507157681147,-0.0074816925326594095
split,validation,0.8,459,173,25,18,7,155,0.72,0.10404624277456648,0.18181818181818182,0.054466230936819175,-0.001233185374978262,0.0036913145999926534,-0.004924499974970915
split,validation,0.85,459,173,8,6,2,167,0.75,0.03468208092485549,0.06629834254143646,0.017429193899782137,-0.001233185374978262,0.0012198270906274007,-0.0024530124656056626
split,validation,0.9,459,173,6,4,2,169,0.6666666666666666,0.023121387283236993,0.04469273743016759,0.013071895424836602,-0.001233185374978262,0.0012198270906274007,-0.0024530124656056626
split,validation,0.95,459,173,2,1,1,172,0.5,0.005780346820809248,0.011428571428571427,0.004357298474945534,-0.001233185374978262,-0.001233185374978262,0.0
split,validation,1.0,459,173,0,0,0,173,0.0,0.0,0.0,0.0,-0.001233185374978262,-0.001233185374978262,0.0
validation_agents,100,0.0,120,50,120,50,70,0,0.4166666666666667,1.0,0.5882352941176471,1.0,-0.009599855168980004,0.0,-0.009599855168980004
validation_agents,100,0.05,120,50,118,50,68,0,0.423728813559322,1.0,0.5952380952380952,0.9833333333333333,-0.009599855168980004,0.0,-0.009599855168980004
validation_agents,100,0.1,120,50,116,50,66,0,0.43103448275862066,1.0,0.6024096385542169,0.9666666666666667,-0.009599855168980004,0.0,-0.009599855168980004
validation_agents,100,0.15,120,50,112,50,62,0,0.44642857142857145,1.0,0.617283950617284,0.9333333333333333,-0.009599855168980004,0.0001795595175045,-0.009779414686484505
validation_agents,100,0.2,120,50,109,49,60,1,0.44954128440366975,0.98,0.6163522012578617,0.9083333333333333,-0.009599855168980004,0.0006141205025453333,-0.010213975671525337
validation_agents,100,0.25,120,50,95,46,49,4,0.4842105263157895,0.92,0.6344827586206897,0.7916666666666666,-0.009599855168980004,0.0010233136557455,-0.010623168824725505
validation_agents,100,0.3,120,50,85,44,41,6,0.5176470588235295,0.88,0.6518518518518519,0.7083333333333334,-0.009599855168980004,0.0014868292119873333,-0.011086684380967337
validation_agents,100,0.35,120,50,74,42,32,8,0.5675675675675675,0.84,0.6774193548387097,0.6166666666666667,-0.009599855168980004,0.0031869127613984153,-0.01278676793037842
validation_agents,100,0.4,120,50,66,37,29,13,0.5606060606060606,0.74,0.6379310344827586,0.55,-0.009599855168980004,0.0037238819715974983,-0.013323737140577503
validation_agents,100,0.45,120,50,52,30,22,20,0.5769230769230769,0.6,0.5882352941176471,0.43333333333333335,-0.009599855168980004,0.0055908804633406665,-0.015190735632320672
validation_agents,100,0.5,120,50,37,23,14,27,0.6216216216216216,0.46,0.5287356321839081,0.30833333333333335,-0.009599855168980004,0.0055908804633406665,-0.015190735632320672
validation_agents,100,0.55,120,50,31,21,10,29,0.6774193548387096,0.42,0.5185185185185185,0.25833333333333336,-0.009599855168980004,0.0055908804633406665,-0.015190735632320672
validation_agents,100,0.6,120,50,23,15,8,35,0.6521739130434783,0.3,0.410958904109589,0.19166666666666668,-0.009599855168980004,0.0055908804633406665,-0.015190735632320672
validation_agents,100,0.65,120,50,15,10,5,40,0.6666666666666666,0.2,0.30769230769230765,0.125,-0.009599855168980004,0.006104965221290668,-0.01570482039027067
validation_agents,100,0.7,120,50,13,8,5,42,0.6153846153846154,0.16,0.253968253968254,0.10833333333333334,-0.009599855168980004,0.006104965221290668,-0.01570482039027067
validation_agents,100,0.75,120,50,9,4,5,46,0.4444444444444444,0.08,0.13559322033898308,0.075,-0.009599855168980004,-0.002010791294598499,-0.007589063874381506
validation_agents,100,0.8,120,50,4,1,3,49,0.25,0.02,0.037037037037037035,0.03333333333333333,-0.009599855168980004,-0.0019570110773825004,-0.007642844091597504
validation_agents,100,0.85,120,50,0,0,0,50,0.0,0.0,0.0,0.0,-0.009599855168980004,-0.009599855168980004,0.0
validation_agents,100,0.9,120,50,0,0,0,50,0.0,0.0,0.0,0.0,-0.009599855168980004,-0.009599855168980004,0.0
validation_agents,100,0.95,120,50,0,0,0,50,0.0,0.0,0.0,0.0,-0.009599855168980004,-0.009599855168980004,0.0
validation_agents,100,1.0,120,50,0,0,0,50,0.0,0.0,0.0,0.0,-0.009599855168980004,-0.009599855168980004,0.0
validation_agents,200,0.0,120,58,120,58,62,0,0.48333333333333334,1.0,0.6516853932584269,1.0,0.00716465001154074,0.0,0.00716465001154074
validation_agents,200,0.05,120,58,119,58,61,0,0.48739495798319327,1.0,0.655367231638418,0.9916666666666667,0.00716465001154074,0.0,0.00716465001154074
validation_agents,200,0.1,120,58,115,58,57,0,0.5043478260869565,1.0,0.6705202312138728,0.9583333333333334,0.00716465001154074,0.0,0.00716465001154074
validation_agents,200,0.15,120,58,106,57,49,1,0.5377358490566038,0.9827586206896551,0.695121951219512,0.8833333333333333,0.00716465001154074,0.00014394187885165833,0.0070207081326890824
validation_agents,200,0.2,120,58,89,53,36,5,0.5955056179775281,0.9137931034482759,0.7210884353741497,0.7416666666666667,0.00716465001154074,0.00047308359903015833,0.0066915664125105825
validation_agents,200,0.25,120,58,75,51,24,7,0.68,0.8793103448275862,0.7669172932330827,0.625,0.00716465001154074,0.0010226703950481583,0.006141979616492582
validation_agents,200,0.3,120,58,68,49,19,9,0.7205882352941176,0.8448275862068966,0.7777777777777778,0.5666666666666667,0.00716465001154074,0.001663969796461325,0.005500680215079415
validation_agents,200,0.35,120,58,66,47,19,11,0.7121212121212122,0.8103448275862069,0.7580645161290323,0.55,0.00716465001154074,0.0020008655902638253,0.0051637844212769155
validation_agents,200,0.4,120,58,62,47,15,11,0.7580645161290323,0.8103448275862069,0.7833333333333333,0.5166666666666667,0.00716465001154074,0.0020528761766323246,0.005111773834908416
validation_agents,200,0.45,120,58,61,47,14,11,0.7704918032786885,0.8103448275862069,0.7899159663865546,0.5083333333333333,0.00716465001154074,0.0020528761766323246,0.005111773834908416
validation_agents,200,0.5,120,58,60,47,13,11,0.7833333333333333,0.8103448275862069,0.7966101694915254,0.5,0.00716465001154074,0.0020528761766323246,0.005111773834908416
validation_agents,200,0.55,120,58,60,47,13,11,0.7833333333333333,0.8103448275862069,0.7966101694915254,0.5,0.00716465001154074,0.0020528761766323246,0.005111773834908416
validation_agents,200,0.6,120,58,59,47,12,11,0.7966101694915254,0.8103448275862069,0.8034188034188032,0.49166666666666664,0.00716465001154074,0.0034804236619989915,0.003684226349541749
validation_agents,200,0.65,120,58,56,46,10,12,0.8214285714285714,0.7931034482758621,0.8070175438596492,0.4666666666666667,0.00716465001154074,0.009373814749846825,-0.0022091647383060842
validation_agents,200,0.7,120,58,50,42,8,16,0.84,0.7241379310344828,0.7777777777777777,0.4166666666666667,0.00716465001154074,0.010247308007800993,-0.003082657996260252
validation_agents,200,0.75,120,58,40,33,7,25,0.825,0.5689655172413793,0.6734693877551021,0.3333333333333333,0.00716465001154074,0.018763797388990824,-0.011599147377450084
validation_agents,200,0.8,120,58,13,12,1,46,0.9230769230769231,0.20689655172413793,0.3380281690140845,0.10833333333333334,0.00716465001154074,0.008975245643265324,-0.001810595631724584
validation_agents,200,0.85,120,58,2,2,0,56,1.0,0.034482758620689655,0.06666666666666667,0.016666666666666666,0.00716465001154074,0.00716465001154074,0.0
validation_agents,200,0.9,120,58,0,0,0,58,0.0,0.0,0.0,0.0,0.00716465001154074,0.00716465001154074,0.0
validation_agents,200,0.95,120,58,0,0,0,58,0.0,0.0,0.0,0.0,0.00716465001154074,0.00716465001154074,0.0
validation_agents,200,1.0,120,58,0,0,0,58,0.0,0.0,0.0,0.0,0.00716465001154074,0.00716465001154074,0.0
validation_agents,400,0.0,99,38,99,38,61,0,0.3838383838383838,1.0,0.5547445255474452,1.0,-0.008115232243036083,0.0,-0.008115232243036083
validation_agents,400,0.05,99,38,89,37,52,1,0.4157303370786517,0.9736842105263158,0.5826771653543308,0.898989898989899,-0.008115232243036083,0.0002988152299469394,-0.008414047472983022
validation_agents,400,0.1,99,38,79,33,46,5,0.4177215189873418,0.868421052631579,0.5641025641025641,0.797979797979798,-0.008115232243036083,0.0004120480510822929,-0.008527280294118375
validation_agents,400,0.15,99,38,70,32,38,6,0.45714285714285713,0.8421052631578947,0.5925925925925926,0.7070707070707071,-0.008115232243036083,0.001336433247780273,-0.009451665490816356
validation_agents,400,0.2,99,38,64,29,35,9,0.453125,0.7631578947368421,0.5686274509803922,0.6464646464646465,-0.008115232243036083,0.0015729887687959295,-0.009688221011832011
validation_agents,400,0.25,99,38,59,28,31,10,0.4745762711864407,0.7368421052631579,0.577319587628866,0.5959595959595959,-0.008115232243036083,0.0019079436594211816,-0.010023175902457264
validation_agents,400,0.3,99,38,53,27,26,11,0.5094339622641509,0.7105263157894737,0.5934065934065935,0.5353535353535354,-0.008115232243036083,0.0019114433646539191,-0.010026675607690001
validation_agents,400,0.35,99,38,43,23,20,15,0.5348837209302325,0.6052631578947368,0.5679012345679012,0.43434343434343436,-0.008115232243036083,0.008019040247316242,-0.016134272490352326
validation_agents,400,0.4,99,38,37,21,16,17,0.5675675675675675,0.5526315789473685,0.5599999999999999,0.37373737373737376,-0.008115232243036083,0.008208930645467958,-0.01632416288850404
validation_agents,400,0.45,99,38,35,21,14,17,0.6,0.5526315789473685,0.5753424657534247,0.35353535353535354,-0.008115232243036083,0.008208930645467958,-0.01632416288850404
validation_agents,400,0.5,99,38,26,14,12,24,0.5384615384615384,0.3684210526315789,0.4375,0.26262626262626265,-0.008115232243036083,-0.005603802038971433,-0.00251143020406465
validation_agents,400,0.55,99,38,17,9,8,29,0.5294117647058824,0.23684210526315788,0.3272727272727273,0.1717171717171717,-0.008115232243036083,-0.006320964542197695,-0.0017942677008383878
validation_agents,400,0.6,99,38,16,9,7,29,0.5625,0.23684210526315788,0.3333333333333333,0.16161616161616163,-0.008115232243036083,0.0037800455588123992,-0.011895277801848483
validation_agents,400,0.65,99,38,13,6,7,32,0.46153846153846156,0.15789473684210525,0.23529411764705882,0.13131313131313133,-0.008115232243036083,0.001955537272266944,-0.010070769515303026
validation_agents,400,0.7,99,38,13,6,7,32,0.46153846153846156,0.15789473684210525,0.23529411764705882,0.13131313131313133,-0.008115232243036083,0.001955537272266944,-0.010070769515303026
validation_agents,400,0.75,99,38,9,5,4,33,0.5555555555555556,0.13157894736842105,0.2127659574468085,0.09090909090909091,-0.008115232243036083,0.0032578255520447214,-0.011373057795080804
validation_agents,400,0.8,99,38,8,5,3,33,0.625,0.13157894736842105,0.21739130434782608,0.08080808080808081,-0.008115232243036083,0.0032578255520447214,-0.011373057795080804
validation_agents,400,0.85,99,38,6,4,2,34,0.6666666666666666,0.10526315789473684,0.18181818181818182,0.06060606060606061,-0.008115232243036083,0.0032578255520447235,-0.011373057795080806
validation_agents,400,0.9,99,38,6,4,2,34,0.6666666666666666,0.10526315789473684,0.18181818181818182,0.06060606060606061,-0.008115232243036083,0.0032578255520447235,-0.011373057795080806
validation_agents,400,0.95,99,38,2,1,1,37,0.5,0.02631578947368421,0.05,0.020202020202020204,-0.008115232243036083,-0.008115232243036083,0.0
validation_agents,400,1.0,99,38,0,0,0,38,0.0,0.0,0.0,0.0,-0.008115232243036083,-0.008115232243036083,0.0
validation_agents,50,0.0,120,27,120,27,93,0,0.225,1.0,0.36734693877551017,1.0,0.004413337698652165,0.0,0.004413337698652165
validation_agents,50,0.05,120,27,120,27,93,0,0.225,1.0,0.36734693877551017,1.0,0.004413337698652165,0.0,0.004413337698652165
validation_agents,50,0.1,120,27,119,27,92,0,0.226890756302521,1.0,0.3698630136986301,0.9916666666666667,0.004413337698652165,0.0,0.004413337698652165
validation_agents,50,0.15,120,27,117,27,90,0,0.23076923076923078,1.0,0.375,0.975,0.004413337698652165,0.0003134570663860834,0.004099880632266081
validation_agents,50,0.2,120,27,114,27,87,0,0.23684210526315788,1.0,0.38297872340425526,0.95,0.004413337698652165,0.0005472035330094167,0.003866134165642748
validation_agents,50,0.25,120,27,110,27,83,0,0.24545454545454545,1.0,0.39416058394160586,0.9166666666666666,0.004413337698652165,0.0004402935856108334,0.003973044113041331
validation_agents,50,0.3,120,27,103,26,77,1,0.2524271844660194,0.9629629629629629,0.39999999999999997,0.8583333333333333,0.004413337698652165,0.0004402935856108334,0.003973044113041331
validation_agents,50,0.35,120,27,88,24,64,3,0.2727272727272727,0.8888888888888888,0.41739130434782606,0.7333333333333333,0.004413337698652165,0.00039906935912733323,0.0040142683395248315
validation_agents,50,0.4,120,27,75,22,53,5,0.29333333333333333,0.8148148148148148,0.43137254901960786,0.625,0.004413337698652165,0.000836284030369,0.0035770536682831647
validation_agents,50,0.45,120,27,50,15,35,12,0.3,0.5555555555555556,0.3896103896103896,0.4166666666666667,0.004413337698652165,0.0024966142261625,0.0019167234724896645
validation_agents,50,0.5,120,27,44,13,31,14,0.29545454545454547,0.48148148148148145,0.3661971830985915,0.36666666666666664,0.004413337698652165,0.002582366764132417,0.0018309709345197475
validation_agents,50,0.55,120,27,27,7,20,20,0.25925925925925924,0.25925925925925924,0.25925925925925924,0.225,0.004413337698652165,0.002310710859792917,0.0021026268388592475
validation_agents,50,0.6,120,27,14,4,10,23,0.2857142857142857,0.14814814814814814,0.1951219512195122,0.11666666666666667,0.004413337698652165,0.0025562947760479167,0.001857042922604248
validation_agents,50,0.65,120,27,9,2,7,25,0.2222222222222222,0.07407407407407407,0.1111111111111111,0.075,0.004413337698652165,0.003275883336682083,0.0011374543619700815
validation_agents,50,0.7,120,27,4,1,3,26,0.25,0.037037037037037035,0.06451612903225806,0.03333333333333333,0.004413337698652165,0.004120606478166166,0.00029273122048599845
validation_agents,50,0.75,120,27,1,0,1,27,0.0,0.0,0.0,0.008333333333333333,0.004413337698652165,0.004459827703301165,-4.649000464900053e-05
validation_agents,50,0.8,120,27,0,0,0,27,0.0,0.0,0.0,0.0,0.004413337698652165,0.004413337698652165,0.0
validation_agents,50,0.85,120,27,0,0,0,27,0.0,0.0,0.0,0.0,0.004413337698652165,0.004413337698652165,0.0
validation_agents,50,0.9,120,27,0,0,0,27,0.0,0.0,0.0,0.0,0.004413337698652165,0.004413337698652165,0.0
validation_agents,50,0.95,120,27,0,0,0,27,0.0,0.0,0.0,0.0,0.004413337698652165,0.004413337698652165,0.0
validation_agents,50,1.0,120,27,0,0,0,27,0.0,0.0,0.0,0.0,0.004413337698652165,0.004413337698652165,0.0
validation_iteration,0,0.0,120,45,120,45,75,0,0.375,1.0,0.5454545454545454,1.0,-0.010145882625411674,0.0,-0.010145882625411674
validation_iteration,0,0.05,120,45,120,45,75,0,0.375,1.0,0.5454545454545454,1.0,-0.010145882625411674,0.0,-0.010145882625411674
validation_iteration,0,0.1,120,45,117,45,72,0,0.38461538461538464,1.0,0.5555555555555556,0.975,-0.010145882625411674,0.0,-0.010145882625411674
validation_iteration,0,0.15,120,45,114,44,70,1,0.38596491228070173,0.9777777777777777,0.5534591194968553,0.95,-0.010145882625411674,0.00014394187885165833,-0.010289824504263332
validation_iteration,0,0.2,120,45,106,41,65,4,0.3867924528301887,0.9111111111111111,0.5430463576158941,0.8833333333333333,-0.010145882625411674,0.0007176069756197418,-0.010863489601031416
validation_iteration,0,0.25,120,45,92,39,53,6,0.42391304347826086,0.8666666666666667,0.5693430656934306,0.7666666666666667,-0.010145882625411674,0.0011957893803164917,-0.011341672005728165
validation_iteration,0,0.3,120,45,80,35,45,10,0.4375,0.7777777777777778,0.56,0.6666666666666666,-0.010145882625411674,0.0015303762096333254,-0.011676258835045
validation_iteration,0,0.35,120,45,75,34,41,11,0.4533333333333333,0.7555555555555555,0.5666666666666667,0.625,-0.010145882625411674,0.0016284761683283252,-0.01177435879374
validation_iteration,0,0.4,120,45,69,32,37,13,0.463768115942029,0.7111111111111111,0.5614035087719299,0.575,-0.010145882625411674,0.0016284761683283252,-0.01177435879374
validation_iteration,0,0.45,120,45,65,32,33,13,0.49230769230769234,0.7111111111111111,0.5818181818181818,0.5416666666666666,-0.010145882625411674,0.0016284761683283252,-0.01177435879374
validation_iteration,0,0.5,120,45,57,27,30,18,0.47368421052631576,0.6,0.5294117647058824,0.475,-0.010145882625411674,-0.0016130172484325074,-0.008532865376979167
validation_iteration,0,0.55,120,45,51,26,25,19,0.5098039215686274,0.5777777777777777,0.5416666666666666,0.425,-0.010145882625411674,-0.0012581931331691744,-0.0088876894922425
validation_iteration,0,0.6,120,45,47,25,22,20,0.5319148936170213,0.5555555555555556,0.5434782608695652,0.39166666666666666,-0.010145882625411674,-0.001517958746886675,-0.008627923878524998
validation_iteration,0,0.65,120,45,41,21,20,24,0.5121951219512195,0.4666666666666667,0.48837209302325585,0.3416666666666667,-0.010145882625411674,0.007800018400117658,-0.017945901025529332
validation_iteration,0,0.7,120,45,35,19,16,26,0.5428571428571428,0.4222222222222222,0.47500000000000003,0.2916666666666667,-0.010145882625411674,0.00840071188547841,-0.018546594510890083
validation_iteration,0,0.75,120,45,26,14,12,31,0.5384615384615384,0.3111111111111111,0.39436619718309857,0.21666666666666667,-0.010145882625411674,0.0005781686097857403,-0.010724051235197414
validation_iteration,0,0.8,120,45,10,4,6,41,0.4,0.08888888888888889,0.14545454545454545,0.08333333333333333,-0.010145882625411674,-0.002102390599250008,-0.008043492026161666
validation_iteration,0,0.85,120,45,1,0,1,45,0.0,0.0,0.0,0.008333333333333333,-0.010145882625411674,-0.010145882625411674,0.0
validation_iteration,0,0.9,120,45,1,0,1,45,0.0,0.0,0.0,0.008333333333333333,-0.010145882625411674,-0.010145882625411674,0.0
validation_iteration,0,0.95,120,45,0,0,0,45,0.0,0.0,0.0,0.0,-0.010145882625411674,-0.010145882625411674,0.0
validation_iteration,0,1.0,120,45,0,0,0,45,0.0,0.0,0.0,0.0,-0.010145882625411674,-0.010145882625411674,0.0
validation_iteration,1,0.0,120,56,120,56,64,0,0.4666666666666667,1.0,0.6363636363636364,1.0,-0.0012393172928657418,0.0,-0.0012393172928657418
validation_iteration,1,0.05,120,56,120,56,64,0,0.4666666666666667,1.0,0.6363636363636364,1.0,-0.0012393172928657418,0.0,-0.0012393172928657418
validation_iteration,1,0.1,120,56,119,55,64,1,0.46218487394957986,0.9821428571428571,0.6285714285714286,0.9916666666666667,-0.0012393172928657418,9.341707743666666e-05,-0.0013327343703024084
validation_iteration,1,0.15,120,56,115,55,60,1,0.4782608695652174,0.9821428571428571,0.6432748538011696,0.9583333333333334,-0.0012393172928657418,0.00106459614003025,-0.002303913432895992
validation_iteration,1,0.2,120,56,113,55,58,1,0.48672566371681414,0.9821428571428571,0.6508875739644969,0.9416666666666667,-0.0012393172928657418,0.0011832351965748334,-0.0024225524894405754
validation_iteration,1,0.25,120,56,108,54,54,2,0.5,0.9642857142857143,0.6585365853658536,0.9,-0.0012393172928657418,0.0015578436147046665,-0.0027971609075704085
validation_iteration,1,0.3,120,56,99,53,46,3,0.5353535353535354,0.9464285714285714,0.6838709677419355,0.825,-0.0012393172928657418,0.0018618528972947585,-0.0031011701901605005
validation_iteration,1,0.35,120,56,92,51,41,5,0.5543478260869565,0.9107142857142857,0.6891891891891893,0.7666666666666667,-0.0012393172928657418,0.002455306602347008,-0.00369462389521275
validation_iteration,1,0.4,120,56,80,48,32,8,0.6,0.8571428571428571,0.7058823529411764,0.6666666666666666,-0.0012393172928657418,0.003200945977389759,-0.004440263270255501
validation_iteration,1,0.45,120,56,70,44,26,12,0.6285714285714286,0.7857142857142857,0.6984126984126985,0.5833333333333334,-0.0012393172928657418,0.0039008491530995925,-0.005140166445965334
validation_iteration,1,0.5,120,56,66,42,24,14,0.6363636363636364,0.75,0.6885245901639345,0.55,-0.0012393172928657418,0.004198265503021259,-0.005437582795887
validation_iteration,1,0.55,120,56,47,33,14,23,0.7021276595744681,0.5892857142857143,0.6407766990291263,0.39166666666666666,-0.0012393172928657418,0.003967205996674092,-0.005206523289539834
validation_iteration,1,0.6,120,56,31,26,5,30,0.8387096774193549,0.4642857142857143,0.5977011494252874,0.25833333333333336,-0.0012393172928657418,0.012805888859979927,-0.01404520615284567
validation_iteration,1,0.65,120,56,22,19,3,37,0.8636363636363636,0.3392857142857143,0.48717948717948717,0.18333333333333332,-0.0012393172928657418,0.008790908806121593,-0.010030226098987335
validation_iteration,1,0.7,120,56,19,16,3,40,0.8421052631578947,0.2857142857142857,0.4266666666666667,0.15833333333333333,-0.0012393172928657418,0.00943400202477326,-0.010673319317639002
validation_iteration,1,0.75,120,56,16,14,2,42,0.875,0.25,0.3888888888888889,0.13333333333333333,-0.0012393172928657418,0.009403864785539926,-0.010643182078405668
validation_iteration,1,0.8,120,56,9,8,1,48,0.8888888888888888,0.14285714285714285,0.24615384615384617,0.075,-0.0012393172928657418,0.009001259265518008,-0.01024057655838375
validation_iteration,1,0.85,120,56,5,4,1,52,0.8,0.07142857142857142,0.13114754098360656,0.041666666666666664,-0.0012393172928657418,0.008143455388075925,-0.009382772680941667
validation_iteration,1,0.9,120,56,4,3,1,53,0.75,0.05357142857142857,0.09999999999999999,0.03333333333333333,-0.0012393172928657418,0.008143455388075925,-0.009382772680941667
validation_iteration,1,0.95,120,56,2,1,1,55,0.5,0.017857142857142856,0.03448275862068965,0.016666666666666666,-0.0012393172928657418,-0.0012393172928657418,0.0
validation_iteration,1,1.0,120,56,0,0,0,56,0.0,0.0,0.0,0.0,-0.0012393172928657418,-0.0012393172928657418,0.0
validation_iteration,2,0.0,111,36,111,36,75,0,0.32432432432432434,1.0,0.489795918367347,1.0,0.0049236098142217966,0.0,0.0049236098142217966
validation_iteration,2,0.05,111,36,107,36,71,0,0.3364485981308411,1.0,0.5034965034965034,0.963963963963964,0.0049236098142217966,0.00014558498523513513,0.004778024828986661
validation_iteration,2,0.1,111,36,104,36,68,0,0.34615384615384615,1.0,0.5142857142857142,0.9369369369369369,0.0049236098142217966,0.00014558498523513513,0.004778024828986661
validation_iteration,2,0.15,111,36,96,35,61,1,0.3645833333333333,0.9722222222222222,0.5303030303030303,0.8648648648648649,0.0049236098142217966,6.396802808108072e-06,0.004917213011413689
validation_iteration,2,0.2,111,36,86,32,54,4,0.37209302325581395,0.8888888888888888,0.5245901639344261,0.7747747747747747,0.0049236098142217966,-0.00017522928183648652,0.005098839096058283
validation_iteration,2,0.25,111,36,78,32,46,4,0.41025641025641024,0.8888888888888888,0.5614035087719298,0.7027027027027027,0.0049236098142217966,0.0001629255761806306,0.004760684238041166
validation_iteration,2,0.3,111,36,73,31,42,5,0.4246575342465753,0.8611111111111112,0.5688073394495413,0.6576576576576577,0.0049236098142217966,0.0006700673086834232,0.004253542505538373
validation_iteration,2,0.35,111,36,61,27,34,9,0.4426229508196721,0.75,0.556701030927835,0.5495495495495496,0.0049236098142217966,0.00910875572426027,-0.004185145910038473
validation_iteration,2,0.4,111,36,55,25,30,11,0.45454545454545453,0.6944444444444444,0.5494505494505494,0.4954954954954955,0.0049236098142217966,0.008993099527523333,-0.004069489713301537
validation_iteration,2,0.45,111,36,33,17,16,19,0.5151515151515151,0.4722222222222222,0.49275362318840576,0.2972972972972973,0.0049236098142217966,0.011592150682230717,-0.0066685408680089205
validation_iteration,2,0.5,111,36,23,13,10,23,0.5652173913043478,0.3611111111111111,0.44067796610169496,0.2072072072072072,0.0049236098142217966,0.002548177860767566,0.0023754319534542304
validation_iteration,2,0.55,111,36,18,12,6,24,0.6666666666666666,0.3333333333333333,0.4444444444444444,0.16216216216216217,0.0049236098142217966,0.002504289862938018,0.0024193199512837784
validation_iteration,2,0.6,111,36,18,12,6,24,0.6666666666666666,0.3333333333333333,0.4444444444444444,0.16216216216216217,0.0049236098142217966,0.002504289862938018,0.0024193199512837784
validation_iteration,2,0.65,111,36,16,12,4,24,0.75,0.3333333333333333,0.46153846153846156,0.14414414414414414,0.0049236098142217966,0.002701228601337116,0.0022223812128846806
validation_iteration,2,0.7,111,36,16,12,4,24,0.75,0.3333333333333333,0.46153846153846156,0.14414414414414414,0.0049236098142217966,0.002701228601337116,0.0022223812128846806
validation_iteration,2,0.75,111,36,10,7,3,29,0.7,0.19444444444444445,0.30434782608695654,0.09009009009009009,0.0049236098142217966,0.012997777768444322,-0.008074167954222526
validation_iteration,2,0.8,111,36,2,2,0,34,1.0,0.05555555555555555,0.10526315789473684,0.018018018018018018,0.0049236098142217966,0.005805075979196572,-0.0008814661649747752
validation_iteration,2,0.85,111,36,1,1,0,35,1.0,0.027777777777777776,0.05405405405405406,0.009009009009009009,0.0049236098142217966,0.0049236098142217966,0.0
validation_iteration,2,0.9,111,36,1,1,0,35,1.0,0.027777777777777776,0.05405405405405406,0.009009009009009009,0.0049236098142217966,0.0049236098142217966,0.0
validation_iteration,2,0.95,111,36,0,0,0,36,0.0,0.0,0.0,0.0,0.0049236098142217966,0.0049236098142217966,0.0
validation_iteration,2,1.0,111,36,0,0,0,36,0.0,0.0,0.0,0.0,0.0049236098142217966,0.0049236098142217966,0.0
validation_iteration,3,0.0,108,36,108,36,72,0,0.3333333333333333,1.0,0.5,1.0,0.0023488075342559915,0.0,0.0023488075342559915
validation_iteration,3,0.05,108,36,99,35,64,1,0.35353535353535354,0.9722222222222222,0.5185185185185186,0.9166666666666666,0.0023488075342559915,0.00012428494818191667,0.0022245225860740747
validation_iteration,3,0.1,108,36,89,32,57,4,0.3595505617977528,0.8888888888888888,0.5119999999999999,0.8240740740740741,0.0023488075342559915,0.00012428494818191667,0.0022245225860740747
validation_iteration,3,0.15,108,36,80,32,48,4,0.4,0.8888888888888888,0.5517241379310346,0.7407407407407407,0.0023488075342559915,0.0005834009229795093,0.0017654066112764823
validation_iteration,3,0.2,108,36,71,30,41,6,0.4225352112676056,0.8333333333333334,0.5607476635514019,0.6574074074074074,0.0023488075342559915,0.0013259647581619167,0.0010228427760940748
validation_iteration,3,0.25,108,36,61,27,34,9,0.4426229508196721,0.75,0.556701030927835,0.5648148148148148,0.0023488075342559915,0.0012844355582652502,0.0010643719759907413
validation_iteration,3,0.3,108,36,57,27,30,9,0.47368421052631576,0.75,0.5806451612903226,0.5277777777777778,0.0023488075342559915,0.0012844355582652502,0.0010643719759907413
validation_iteration,3,0.35,108,36,43,24,19,12,0.5581395348837209,0.6666666666666666,0.6075949367088608,0.39814814814814814,0.0023488075342559915,-0.00034091766754512014,0.002689725201801112
validation_iteration,3,0.4,108,36,36,22,14,14,0.6111111111111112,0.6111111111111112,0.6111111111111112,0.3333333333333333,0.0023488075342559915,0.00026374528048080543,0.002085062253775186
validation_iteration,3,0.45,108,36,30,20,10,16,0.6666666666666666,0.5555555555555556,0.606060606060606,0.2777777777777778,0.0023488075342559915,0.0007340821623946942,0.0016147253718612974
validation_iteration,3,0.5,108,36,21,15,6,21,0.7142857142857143,0.4166666666666667,0.5263157894736842,0.19444444444444445,0.0023488075342559915,0.0007340821623946942,0.0016147253718612974
validation_iteration,3,0.55,108,36,19,13,6,23,0.6842105263157895,0.3611111111111111,0.4727272727272728,0.17592592592592593,0.0023488075342559915,-0.00031756581585530574,0.0026663733501112973
validation_iteration,3,0.6,108,36,16,12,4,24,0.75,0.3333333333333333,0.46153846153846156,0.14814814814814814,0.0023488075342559915,0.0012685980567743236,0.0010802094774816679
validation_iteration,3,0.65,108,36,14,12,2,24,0.8571428571428571,0.3333333333333333,0.48,0.12962962962962962,0.0023488075342559915,0.0014204643277374715,0.00092834320651852
validation_iteration,3,0.7,108,36,10,10,0,26,1.0,0.2777777777777778,0.4347826086956522,0.09259259259259259,0.0023488075342559915,0.0019476084337661753,0.0004011991004898162
validation_iteration,3,0.75,108,36,7,7,0,29,1.0,0.19444444444444445,0.32558139534883723,0.06481481481481481,0.0023488075342559915,0.00210618005221525,0.00024262748204074156
validation_iteration,3,0.8,108,36,4,4,0,32,1.0,0.1111111111111111,0.19999999999999998,0.037037037037037035,0.0023488075342559915,0.002056349331052288,0.00029245820320370364
validation_iteration,3,0.85,108,36,1,1,0,35,1.0,0.027777777777777776,0.05405405405405406,0.009259259259259259,0.0023488075342559915,0.0023488075342559915,0.0
validation_iteration,3,0.9,108,36,0,0,0,36,0.0,0.0,0.0,0.0,0.0023488075342559915,0.0023488075342559915,0.0
validation_iteration,3,0.95,108,36,0,0,0,36,0.0,0.0,0.0,0.0,0.0023488075342559915,0.0023488075342559915,0.0
validation_iteration,3,1.0,108,36,0,0,0,36,0.0,0.0,0.0,0.0,0.0023488075342559915,0.0023488075342559915,0.0
validation_map,empty-48-48,0.0,240,54,240,54,186,0,0.225,1.0,0.36734693877551017,1.0,0.005575375659382613,0.0,0.005575375659382613
validation_map,empty-48-48,0.05,240,54,228,53,175,1,0.2324561403508772,0.9814814814814815,0.375886524822695,0.95,0.005575375659382613,0.0001232612823531125,0.005452114377029501
validation_map,empty-48-48,0.1,240,54,211,49,162,5,0.23222748815165878,0.9074074074074074,0.369811320754717,0.8791666666666667,0.005575375659382613,0.00016996982107144582,0.005405405838311167
validation_map,empty-48-48,0.15,240,54,187,47,140,7,0.25133689839572193,0.8703703703703703,0.3900414937759336,0.7791666666666667,0.005575375659382613,0.0008697579460804835,0.00470561771330213
validation_map,empty-48-48,0.2,240,54,158,39,119,15,0.2468354430379747,0.7222222222222222,0.3679245283018868,0.6583333333333333,0.005575375659382613,0.0014660616844207749,0.0041093139749618385
validation_map,empty-48-48,0.25,240,54,122,33,89,21,0.27049180327868855,0.6111111111111112,0.37500000000000006,0.5083333333333333,0.005575375659382613,0.0020301655777134834,0.00354521008166913
validation_map,empty-48-48,0.3,240,54,93,27,66,27,0.2903225806451613,0.5,0.3673469387755102,0.3875,0.005575375659382613,0.002584016684949488,0.0029913589744331253
validation_map,empty-48-48,0.35,240,54,68,21,47,33,0.3088235294117647,0.3888888888888889,0.34426229508196726,0.2833333333333333,0.005575375659382613,0.003632448138370321,0.001942927521012292
validation_map,empty-48-48,0.4,240,54,46,16,30,38,0.34782608695652173,0.2962962962962963,0.31999999999999995,0.19166666666666668,0.005575375659382613,0.004223875161512529,0.001351500497870084
validation_map,empty-48-48,0.45,240,54,20,8,12,46,0.4,0.14814814814814814,0.21621621621621623,0.08333333333333333,0.005575375659382613,0.005389088082999155,0.00018628757638345858
validation_map,empty-48-48,0.5,240,54,13,5,8,49,0.38461538461538464,0.09259259259259259,0.14925373134328357,0.05416666666666667,0.005575375659382613,0.00551349335492453,6.188230445808296e-05
validation_map,empty-48-48,0.55,240,54,2,0,2,54,0.0,0.0,0.0,0.008333333333333333,0.005575375659382613,0.005575375659382613,0.0
validation_map,empty-48-48,0.6,240,54,0,0,0,54,0.0,0.0,0.0,0.0,0.005575375659382613,0.005575375659382613,0.0
validation_map,empty-48-48,0.65,240,54,0,0,0,54,0.0,0.0,0.0,0.0,0.005575375659382613,0.005575375659382613,0.0
validation_map,empty-48-48,0.7,240,54,0,0,0,54,0.0,0.0,0.0,0.0,0.005575375659382613,0.005575375659382613,0.0
validation_map,empty-48-48,0.75,240,54,0,0,0,54,0.0,0.0,0.0,0.0,0.005575375659382613,0.005575375659382613,0.0
validation_map,empty-48-48,0.8,240,54,0,0,0,54,0.0,0.0,0.0,0.0,0.005575375659382613,0.005575375659382613,0.0
validation_map,empty-48-48,0.85,240,54,0,0,0,54,0.0,0.0,0.0,0.0,0.005575375659382613,0.005575375659382613,0.0
validation_map,empty-48-48,0.9,240,54,0,0,0,54,0.0,0.0,0.0,0.0,0.005575375659382613,0.005575375659382613,0.0
validation_map,empty-48-48,0.95,240,54,0,0,0,54,0.0,0.0,0.0,0.0,0.005575375659382613,0.005575375659382613,0.0
validation_map,empty-48-48,1.0,240,54,0,0,0,54,0.0,0.0,0.0,0.0,0.005575375659382613,0.005575375659382613,0.0
validation_map,maze-32-32-4,0.0,219,119,219,119,100,0,0.54337899543379,1.0,0.7041420118343196,1.0,-0.008694622124962784,0.0,-0.008694622124962784
validation_map,maze-32-32-4,0.05,219,119,218,119,99,0,0.5458715596330275,1.0,0.7062314540059347,0.9954337899543378,-0.008694622124962784,0.0,-0.008694622124962784
validation_map,maze-32-32-4,0.1,219,119,218,119,99,0,0.5458715596330275,1.0,0.7062314540059347,0.9954337899543378,-0.008694622124962784,0.0,-0.008694622124962784
validation_map,maze-32-32-4,0.15,219,119,218,119,99,0,0.5458715596330275,1.0,0.7062314540059347,0.9954337899543378,-0.008694622124962784,0.0,-0.008694622124962784
validation_map,maze-32-32-4,0.2,219,119,218,119,99,0,0.5458715596330275,1.0,0.7062314540059347,0.9954337899543378,-0.008694622124962784,0.0,-0.008694622124962784
validation_map,maze-32-32-4,0.25,219,119,217,119,98,0,0.5483870967741935,1.0,0.7083333333333333,0.9908675799086758,-0.008694622124962784,0.0,-0.008694622124962784
validation_map,maze-32-32-4,0.3,219,119,216,119,97,0,0.5509259259259259,1.0,0.7104477611940299,0.9863013698630136,-0.008694622124962784,0.0,-0.008694622124962784
validation_map,maze-32-32-4,0.35,219,119,203,115,88,4,0.5665024630541872,0.9663865546218487,0.7142857142857143,0.9269406392694064,-0.008694622124962784,0.0027055669249779904,-0.011400189049940775
validation_map,maze-32-32-4,0.4,219,119,194,111,83,8,0.5721649484536082,0.9327731092436975,0.7092651757188498,0.8858447488584474,-0.008694622124962784,0.0027055669249779904,-0.011400189049940775
validation_map,maze-32-32-4,0.45,219,119,178,105,73,14,0.5898876404494382,0.8823529411764706,0.7070707070707072,0.8127853881278538,-0.008694622124962784,0.0033614041000812325,-0.012056026225044016
validation_map,maze-32-32-4,0.5,219,119,154,92,62,27,0.5974025974025974,0.773109243697479,0.673992673992674,0.7031963470319634,-0.008694622124962784,-0.002972054787887716,-0.005722567337075068
validation_map,maze-32-32-4,0.55,219,119,133,84,49,35,0.631578947368421,0.7058823529411765,0.6666666666666667,0.6073059360730594,-0.008694622124962784,-0.0035129203103081742,-0.00518170181465461
validation_map,maze-32-32-4,0.6,219,119,112,75,37,44,0.6696428571428571,0.6302521008403361,0.6493506493506492,0.5114155251141552,-0.008694622124962784,0.001970074065009634,-0.010664696189972418
validation_map,maze-32-32-4,0.65,219,119,93,64,29,55,0.6881720430107527,0.5378151260504201,0.6037735849056604,0.4246575342465753,-0.008694622124962784,0.005050537117081962,-0.013745159242044745
validation_map,maze-32-32-4,0.7,219,119,80,57,23,62,0.7125,0.4789915966386555,0.5728643216080402,0.365296803652968,-0.008694622124962784,0.005992025555130321,-0.014686647680093104
validation_map,maze-32-32-4,0.75,219,119,59,42,17,77,0.711864406779661,0.35294117647058826,0.4719101123595506,0.2694063926940639,-0.008694622124962784,0.006986185511980909,-0.015680807636943694
validation_map,maze-32-32-4,0.8,219,119,25,18,7,101,0.72,0.15126050420168066,0.24999999999999997,0.1141552511415525,-0.008694622124962784,0.0016265901513461158,-0.010321212276308899
validation_map,maze-32-32-4,0.85,219,119,8,6,2,113,0.75,0.05042016806722689,0.09448818897637797,0.0365296803652968,-0.008694622124962784,-0.003553376820337212,-0.005141245304625572
validation_map,maze-32-32-4,0.9,219,119,6,4,2,115,0.6666666666666666,0.03361344537815126,0.064,0.0273972602739726,-0.008694622124962784,-0.003553376820337212,-0.005141245304625572
validation_map,maze-32-32-4,0.95,219,119,2,1,1,118,0.5,0.008403361344537815,0.01652892561983471,0.0091324200913242,-0.008694622124962784,-0.008694622124962784,0.0
validation_map,maze-32-32-4,1.0,219,119,0,0,0,119,0.0,0.0,0.0,0.0,-0.008694622124962784,-0.008694622124962784,0.0
